symbol,name,sector,subsector,status,instrument_type,board,listing_date,special_notation,source_as_of
MGLV,NexAI Digital Infrastruktur Tb,,,ACTIVE,COMMON_STOCK_UNCLASSIFIED,Akselerasi,08 Jun 2021,,2026-08-27
TRUE,Triniti Dinamik Tbk.,,,ACTIVE,COMMON_STOCK_UNCLASSIFIED,Pengembangan,10 Jun 2021,,2026-08-27
LABA,Green Power Group Tbk.,,,ACTIVE,COMMON_STOCK_UNCLASSIFIED,Pengembangan,10 Jun 2021,,2026-08-27
ARCI,Archi Indonesia Tbk.,,,ACTIVE,COMMON_STOCK_UNCLASSIFIED,Pengembangan,28 Jun 2021,,2026-08-27
IPAC,Era Graharealty Tbk.,,,ACTIVE,COMMON_STOCK_UNCLASSIFIED,Akselerasi,30 Jun 2021,,2026-08-27
MASB,Bank Multiarta Sentosa Tbk.,,,ACTIVE,COMMON_STOCK_UNCLASSIFIED,Utama,30 Jun 2021,,2026-08-27
BMHS,Bundamedik Tbk.,,,ACTIVE,COMMON_STOCK_UNCLASSIFIED,Utama,06 Jul 2021,,2026-08-27
FLMC,Falmaco Nonwoven Industri Tbk.,,,ACTIVE,COMMON_STOCK_UNCLASSIFIED,Akselerasi,08 Jul 2021,,2026-08-27
NICL,PAM Mineral Tbk.,,,ACTIVE,COMMON_STOCK_UNCLASSIFIED,Pengembangan,09 Jul 2021,,2026-08-27
UVCR,Trimegah Karya Pratama Tbk.,,,ACTIVE,COMMON_STOCK_UNCLASSIFIED,Pengembangan,27 Jul 2021,,2026-08-27
BUKA,Bukalapak.com Tbk.,,,ACTIVE,COMMON_STOCK_UNCLASSIFIED,Ekonomi Baru,06 Agt 2021,,2026-08-27
HAIS,Hasnur Internasional Shipping,,,ACTIVE,COMMON_STOCK_UNCLASSIFIED,Pengembangan,01 Sep 2021,,2026-08-27
OILS,Indo Oil Perkasa Tbk.,,,ACTIVE,COMMON_STOCK_UNCLASSIFIED,Pengembangan,06 Sep 2021,,2026-08-27
GPSO,Geoprima Solusi Tbk.,,,ACTIVE,COMMON_STOCK_UNCLASSIFIED,Pengembangan,06 Sep 2021,,2026-08-27
MCOL,Prima Andalan Mandiri Tbk.,,,ACTIVE,COMMON_STOCK_UNCLASSIFIED,Utama,07 Sep 2021,,2026-08-27
RSGK,Kedoya Adyaraya Tbk.,,,ACTIVE,COMMON_STOCK_UNCLASSIFIED,Pengembangan,08 Sep 2021,,2026-08-27
RUNS,Global Sukses Solusi Tbk.,,,ACTIVE,COMMON_STOCK_UNCLASSIFIED,Akselerasi,08 Sep 2021,,2026-08-27
SBMA,Surya Biru Murni Acetylene Tbk,,,ACTIVE,COMMON_STOCK_UNCLASSIFIED,Pengembangan,08 Sep 2021,,2026-08-27
CMNT,Cemindo Gemilang Tbk.,,,ACTIVE,COMMON_STOCK_UNCLASSIFIED,Pengembangan,08 Sep 2021,,2026-08-27
GTSI,GTS Internasional Tbk.,,,ACTIVE,COMMON_STOCK_UNCLASSIFIED,Pengembangan,08 Sep 2021,,2026-08-27
IDEA,Idea Indonesia Akademi Tbk.,,,ACTIVE,COMMON_STOCK_UNCLASSIFIED,Akselerasi,09 Sep 2021,,2026-08-27
KUAS,Ace Oldfields Tbk.,,,ACTIVE,COMMON_STOCK_UNCLASSIFIED,Pengembangan,25 Okt 2021,,2026-08-27
BOBA,Formosa Ingredient Factory Tbk,,,ACTIVE,COMMON_STOCK_UNCLASSIFIED,Pengembangan,01 Nov 2021,,2026-08-27
MTEL,Dayamitra Telekomunikasi Tbk.,,,ACTIVE,COMMON_STOCK_UNCLASSIFIED,Utama,22 Nov 2021,,2026-08-27
DEPO,Caturkarda Depo Bangunan Tbk.,,,ACTIVE,COMMON_STOCK_UNCLASSIFIED,Pengembangan,25 Nov 2021,,2026-08-27
BINO,Perma Plasindo Tbk.,,,ACTIVE,COMMON_STOCK_UNCLASSIFIED,Pengembangan,25 Nov 2021,,2026-08-27
CMRY,Cisarua Mountain Dairy Tbk.,,,ACTIVE,COMMON_STOCK_UNCLASSIFIED,Utama,06 Des 2021,,2026-08-27
WGSH,Wira Global Solusi Tbk.,,,ACTIVE,COMMON_STOCK_UNCLASSIFIED,Akselerasi,06 Des 2021,,2026-08-27
TAYS,Jaya Swarasa Agung Tbk.,,,ACTIVE,COMMON_STOCK_UNCLASSIFIED,Pengembangan,06 Des 2021,,2026-08-27
WMPP,Widodo Makmur Perkasa Tbk.,,,ACTIVE,COMMON_STOCK_UNCLASSIFIED,Pemantauan Khusus,06 Des 2021,,2026-08-27
RMKE,RMK Energy Tbk.,,,ACTIVE,COMMON_STOCK_UNCLASSIFIED,Utama,07 Des 2021,,2026-08-27
OBMD,OBM Drilchem Tbk.,,,ACTIVE,COMMON_STOCK_UNCLASSIFIED,Pengembangan,08 Des 2021,,2026-08-27
AVIA,Avia Avian Tbk.,,,ACTIVE,COMMON_STOCK_UNCLASSIFIED,Utama,08 Des 2021,,2026-08-27
IPPE,Indo Pureco Pratama Tbk.,,,ACTIVE,COMMON_STOCK_UNCLASSIFIED,Pemantauan Khusus,09 Des 2021,,2026-08-27
NASI,Wahana Inti Makmur Tbk.,,,ACTIVE,COMMON_STOCK_UNCLASSIFIED,Pengembangan,13 Des 2021,,2026-08-27
BSML,Bintang Samudera Mandiri Lines,,,ACTIVE,COMMON_STOCK_UNCLASSIFIED,Pengembangan,16 Des 2021,,2026-08-27
DRMA,Dharma Polimetal Tbk.,,,ACTIVE,COMMON_STOCK_UNCLASSIFIED,Utama,20 Des 2021,,2026-08-27
ADMR,Alamtri Minerals Indonesia Tbk,,,ACTIVE,COMMON_STOCK_UNCLASSIFIED,Utama,03 Jan 2022,,2026-08-27
SEMA,Semacom Integrated Tbk.,,,ACTIVE,COMMON_STOCK_UNCLASSIFIED,Pengembangan,10 Jan 2022,,2026-08-27
ASLC,Autopedia Sukses Lestari Tbk.,,,ACTIVE,COMMON_STOCK_UNCLASSIFIED,Pengembangan,25 Jan 2022,,2026-08-27
NETV,MDTV Media Technologies Tbk.,,,ACTIVE,COMMON_STOCK_UNCLASSIFIED,Pengembangan,26 Jan 2022,,2026-08-27
BAUT,Mitra Angkasa Sejahtera Tbk.,,,ACTIVE,COMMON_STOCK_UNCLASSIFIED,Pemantauan Khusus,28 Jan 2022,,2026-08-27
ENAK,Champ Resto Indonesia Tbk.,,,ACTIVE,COMMON_STOCK_UNCLASSIFIED,Pengembangan,08 Feb 2022,,2026-08-27
NTBK,Nusatama Berkah Tbk.,,,ACTIVE,COMMON_STOCK_UNCLASSIFIED,Pengembangan,09 Feb 2022,,2026-08-27
SMKM,Sumber Mas Konstruksi Tbk.,,,ACTIVE,COMMON_STOCK_UNCLASSIFIED,Akselerasi,09 Mar 2022,,2026-08-27
STAA,Sumber Tani Agung Resources Tb,,,ACTIVE,COMMON_STOCK_UNCLASSIFIED,Utama,10 Mar 2022,,2026-08-27
NANO,Nanotech Indonesia Global Tbk.,,,ACTIVE,COMMON_STOCK_UNCLASSIFIED,Akselerasi,10 Mar 2022,,2026-08-27
BIKE,Bhineka Inovasi Ketahanan Ener,,,ACTIVE,COMMON_STOCK_UNCLASSIFIED,Pengembangan,21 Mar 2022,,2026-08-27
WIRG,WIR ASIA Tbk.,,,ACTIVE,COMMON_STOCK_UNCLASSIFIED,Pengembangan,04 Apr 2022,,2026-08-27
SICO,Sigma Energy Compressindo Tbk.,,,ACTIVE,COMMON_STOCK_UNCLASSIFIED,Pengembangan,08 Apr 2022,,2026-08-27
GOTO,GoTo Gojek Tokopedia Tbk.,,,ACTIVE,COMMON_STOCK_UNCLASSIFIED,Pengembangan,11 Apr 2022,,2026-08-27
TLDN,Teladan Prima Agro Tbk.,,,ACTIVE,COMMON_STOCK_UNCLASSIFIED,Utama,12 Apr 2022,,2026-08-27
MTMH,Murni Sadar Tbk.,,,ACTIVE,COMMON_STOCK_UNCLASSIFIED,Utama,20 Apr 2022,,2026-08-27
WINR,Winner Nusantara Jaya Tbk.,,,ACTIVE,COMMON_STOCK_UNCLASSIFIED,Pemantauan Khusus,25 Apr 2022,,2026-08-27
IBOS,Indo Boga Sukses Tbk.,,,ACTIVE,COMMON_STOCK_UNCLASSIFIED,Akselerasi,25 Apr 2022,,2026-08-27
OLIV,Atlas Nexus Group Tbk.,,,ACTIVE,COMMON_STOCK_UNCLASSIFIED,Akselerasi,17 Mei 2022,,2026-08-27
ASHA,Cilacap Samudera Fishing Indus,,,ACTIVE,COMMON_STOCK_UNCLASSIFIED,Pengembangan,27 Mei 2022,,2026-08-27
SWID,Saraswanti Indoland Developmen,,,ACTIVE,COMMON_STOCK_UNCLASSIFIED,Pengembangan,07 Jul 2022,,2026-08-27
TRGU,Cerestar Indonesia Tbk.,,,ACTIVE,COMMON_STOCK_UNCLASSIFIED,Utama,08 Jul 2022,,2026-08-27
ARKO,Arkora Hydro Tbk.,,,ACTIVE,COMMON_STOCK_UNCLASSIFIED,Pengembangan,08 Jul 2022,,2026-08-27
CHEM,Chemstar Indonesia Tbk.,,,ACTIVE,COMMON_STOCK_UNCLASSIFIED,Pengembangan,08 Jul 2022,,2026-08-27
DEWI,Dewi Shri Farmindo Tbk.,,,ACTIVE,COMMON_STOCK_UNCLASSIFIED,Pengembangan,18 Jul 2022,,2026-08-27
AXIO,Tera Data Indonusa Tbk.,,,ACTIVE,COMMON_STOCK_UNCLASSIFIED,Pengembangan,20 Jul 2022,,2026-08-27
KRYA,Bangun Karya Perkasa Jaya Tbk.,,,ACTIVE,COMMON_STOCK_UNCLASSIFIED,Pengembangan,25 Jul 2022,,2026-08-27
HATM,Habco Trans Maritima Tbk.,,,ACTIVE,COMMON_STOCK_UNCLASSIFIED,Utama,26 Jul 2022,,2026-08-27
RCCC,Utama Radar Cahaya Tbk.,,,ACTIVE,COMMON_STOCK_UNCLASSIFIED,Akselerasi,02 Agt 2022,,2026-08-27
GULA,Aman Agrindo Tbk.,,,ACTIVE,COMMON_STOCK_UNCLASSIFIED,Pengembangan,03 Agt 2022,,2026-08-27
JARR,Jhonlin Agro Raya Tbk.,,,ACTIVE,COMMON_STOCK_UNCLASSIFIED,Utama,04 Agt 2022,,2026-08-27
AMMS,Agung Menjangan Mas Tbk.,,,ACTIVE,COMMON_STOCK_UNCLASSIFIED,Akselerasi,04 Agt 2022,,2026-08-27
RAFI,Sari Kreasi Boga Tbk.,,,ACTIVE,COMMON_STOCK_UNCLASSIFIED,Pemantauan Khusus,05 Agt 2022,,2026-08-27
KKES,Kusuma Kemindo Sentosa Tbk.,,,ACTIVE,COMMON_STOCK_UNCLASSIFIED,Pemantauan Khusus,08 Agt 2022,,2026-08-27
ELPI,Pelayaran Nasional Ekalya Purn,,,ACTIVE,COMMON_STOCK_UNCLASSIFIED,Utama,08 Agt 2022,,2026-08-27
EURO,Estee Gold Feet Tbk.,,,ACTIVE,COMMON_STOCK_UNCLASSIFIED,Akselerasi,08 Agt 2022,,2026-08-27
KLIN,Klinko Karya Imaji Tbk.,,,ACTIVE,COMMON_STOCK_UNCLASSIFIED,Akselerasi,09 Agt 2022,,2026-08-27
TOOL,Rohartindo Nusantara Luas Tbk.,,,ACTIVE,COMMON_STOCK_UNCLASSIFIED,Pengembangan,09 Agt 2022,,2026-08-27
BUAH,Segar Kumala Indonesia Tbk.,,,ACTIVE,COMMON_STOCK_UNCLASSIFIED,Pengembangan,09 Agt 2022,,2026-08-27
CRAB,Toba Surimi Industries Tbk.,,,ACTIVE,COMMON_STOCK_UNCLASSIFIED,Pengembangan,10 Agt 2022,,2026-08-27
MEDS,Hetzer Medical Indonesia Tbk.,,,ACTIVE,COMMON_STOCK_UNCLASSIFIED,Pengembangan,10 Agt 2022,,2026-08-27
COAL,Black Diamond Resources Tbk.,,,ACTIVE,COMMON_STOCK_UNCLASSIFIED,Pengembangan,07 Sep 2022,,2026-08-27
PRAY,Famon Awal Bros Sedaya Tbk.,,,ACTIVE,COMMON_STOCK_UNCLASSIFIED,Utama,08 Nov 2022,,2026-08-27
CBUT,Citra Borneo Utama Tbk.,,,ACTIVE,COMMON_STOCK_UNCLASSIFIED,Utama,08 Nov 2022,,2026-08-27
BELI,Global Digital Niaga Tbk.,,,ACTIVE,COMMON_STOCK_UNCLASSIFIED,Pengembangan,08 Nov 2022,,2026-08-27
MKTR,Menthobi Karyatama Raya Tbk.,,,ACTIVE,COMMON_STOCK_UNCLASSIFIED,Utama,08 Nov 2022,,2026-08-27
OMED,Jayamas Medica Industri Tbk.,,,ACTIVE,COMMON_STOCK_UNCLASSIFIED,Utama,08 Nov 2022,,2026-08-27
BSBK,Wulandari Bangun Laksana Tbk.,,,ACTIVE,COMMON_STOCK_UNCLASSIFIED,Pengembangan,08 Nov 2022,,2026-08-27
PDPP,Primadaya Plastisindo Tbk.,,,ACTIVE,COMMON_STOCK_UNCLASSIFIED,Pengembangan,09 Nov 2022,,2026-08-27
KDTN,Puri Sentul Permai Tbk.,,,ACTIVE,COMMON_STOCK_UNCLASSIFIED,Pengembangan,09 Nov 2022,,2026-08-27
ZATA,Bersama Zatta Jaya Tbk.,,,ACTIVE,COMMON_STOCK_UNCLASSIFIED,Pengembangan,10 Nov 2022,,2026-08-27
NINE,Techno9 Indonesia Tbk.,,,ACTIVE,COMMON_STOCK_UNCLASSIFIED,Akselerasi,05 Des 2022,,2026-08-27
MMIX,Multi Medika Internasional Tbk,,,ACTIVE,COMMON_STOCK_UNCLASSIFIED,Pengembangan,06 Des 2022,,2026-08-27
PADA,Personel Alih Daya Tbk.,,,ACTIVE,COMMON_STOCK_UNCLASSIFIED,Pengembangan,08 Des 2022,,2026-08-27
ISAP,Isra Presisi Indonesia Tbk.,,,ACTIVE,COMMON_STOCK_UNCLASSIFIED,Akselerasi,09 Des 2022,,2026-08-27
VTNY,Venteny Fortuna International,,,ACTIVE,COMMON_STOCK_UNCLASSIFIED,Pengembangan,15 Des 2022,,2026-08-27
SOUL,Mitra Tirta Buwana Tbk.,,,ACTIVE,COMMON_STOCK_UNCLASSIFIED,Akselerasi,06 Jan 2023,,2026-08-27
ELIT,Data Sinergitama Jaya Tbk.,,,ACTIVE,COMMON_STOCK_UNCLASSIFIED,Pengembangan,06 Jan 2023,,2026-08-27
BEER,Jobubu Jarum Minahasa Tbk.,,,ACTIVE,COMMON_STOCK_UNCLASSIFIED,Pengembangan,06 Jan 2023,,2026-08-27
CBPE,Citra Buana Prasida Tbk.,,,ACTIVE,COMMON_STOCK_UNCLASSIFIED,Pengembangan,06 Jan 2023,,2026-08-27
SUNI,Sunindo Pratama Tbk.,,,ACTIVE,COMMON_STOCK_UNCLASSIFIED,Utama,09 Jan 2023,,2026-08-27
CBRE,Cakra Buana Resources Energi T,,,ACTIVE,COMMON_STOCK_UNCLASSIFIED,Pengembangan,09 Jan 2023,,2026-08-27
WINE,Hatten Bali Tbk.,,,ACTIVE,COMMON_STOCK_UNCLASSIFIED,Pengembangan,10 Jan 2023,,2026-08-27
BMBL,Lavender Bina Cendikia Tbk.,,,ACTIVE,COMMON_STOCK_UNCLASSIFIED,Akselerasi,11 Jan 2023,,2026-08-27
PEVE,Penta Valent Tbk.,,,ACTIVE,COMMON_STOCK_UNCLASSIFIED,Pengembangan,24 Jan 2023,,2026-08-27
LAJU,Jasa Berdikari Logistics Tbk.,,,ACTIVE,COMMON_STOCK_UNCLASSIFIED,Pengembangan,27 Jan 2023,,2026-08-27
FWCT,Wijaya Cahaya Timber Tbk.,,,ACTIVE,COMMON_STOCK_UNCLASSIFIED,Pengembangan,01 Feb 2023,,2026-08-27
NAYZ,Hassana Boga Sejahtera Tbk.,,,ACTIVE,COMMON_STOCK_UNCLASSIFIED,Akselerasi,06 Feb 2023,,2026-08-27
IRSX,Folago Global Nusantara Tbk.,,,ACTIVE,COMMON_STOCK_UNCLASSIFIED,Pengembangan,07 Feb 2023,,2026-08-27
PACK,Abadi Nusantara Hijau Investam,,,ACTIVE,COMMON_STOCK_UNCLASSIFIED,Akselerasi,08 Feb 2023,,2026-08-27
VAST,Vastland Indonesia Tbk.,,,ACTIVE,COMMON_STOCK_UNCLASSIFIED,Pengembangan,08 Feb 2023,,2026-08-27
CHIP,Pelita Teknologi Global Tbk.,,,ACTIVE,COMMON_STOCK_UNCLASSIFIED,Akselerasi,08 Feb 2023,,2026-08-27
HALO,Haloni Jane Tbk.,,,ACTIVE,COMMON_STOCK_UNCLASSIFIED,Pengembangan,08 Feb 2023,,2026-08-27
KING,Hoffmen Cleanindo Tbk.,,,ACTIVE,COMMON_STOCK_UNCLASSIFIED,Akselerasi,16 Feb 2023,,2026-08-27
PGEO,Pertamina Geothermal Energy Tb,,,ACTIVE,COMMON_STOCK_UNCLASSIFIED,Utama,24 Feb 2023,,2026-08-27
FUTR,Futura Energi Global Tbk.,,,ACTIVE,COMMON_STOCK_UNCLASSIFIED,Pengembangan,27 Feb 2023,,2026-08-27
HILL,Hillcon Tbk.,,,ACTIVE,COMMON_STOCK_UNCLASSIFIED,Pemantauan Khusus,01 Mar 2023,,2026-08-27
BDKR,Berdikari Pondasi Perkasa Tbk.,,,ACTIVE,COMMON_STOCK_UNCLASSIFIED,Utama,03 Mar 2023,,2026-08-27
PTMP,Mitra Pack Tbk.,,,ACTIVE,COMMON_STOCK_UNCLASSIFIED,Pengembangan,06 Mar 2023,,2026-08-27
SAGE,Saptausaha Gemilangindah Tbk.,,,ACTIVE,COMMON_STOCK_UNCLASSIFIED,Pemantauan Khusus,08 Mar 2023,,2026-08-27
TRON,Teknologi Karya Digital Nusa T,,,ACTIVE,COMMON_STOCK_UNCLASSIFIED,Pengembangan,08 Mar 2023,,2026-08-27
CUAN,Petrindo Jaya Kreasi Tbk.,,,ACTIVE,COMMON_STOCK_UNCLASSIFIED,Utama,08 Mar 2023,,2026-08-27
NSSS,Nusantara Sawit Sejahtera Tbk.,,,ACTIVE,COMMON_STOCK_UNCLASSIFIED,Pengembangan,10 Mar 2023,,2026-08-27
GTRA,Grahaprima Suksesmandiri Tbk.,,,ACTIVE,COMMON_STOCK_UNCLASSIFIED,Pengembangan,30 Mar 2023,,2026-08-27
HAJJ,Arsy Buana Travelindo Tbk.,,,ACTIVE,COMMON_STOCK_UNCLASSIFIED,Akselerasi,05 Apr 2023,,2026-08-27
PIPA,Oxala Energy International Tbk,,,ACTIVE,COMMON_STOCK_UNCLASSIFIED,Pengembangan,10 Apr 2023,,2026-08-27
NCKL,Trimegah Bangun Persada Tbk.,,,ACTIVE,COMMON_STOCK_UNCLASSIFIED,Pengembangan,12 Apr 2023,,2026-08-27
MENN,Menn Teknologi Indonesia Tbk.,,,ACTIVE,COMMON_STOCK_UNCLASSIFIED,Pemantauan Khusus,18 Apr 2023,,2026-08-27
AWAN,Era Digital Media Tbk.,,,ACTIVE,COMMON_STOCK_UNCLASSIFIED,Pengembangan,18 Apr 2023,,2026-08-27
MBMA,Merdeka Battery Materials Tbk.,,,ACTIVE,COMMON_STOCK_UNCLASSIFIED,Utama,18 Apr 2023,,2026-08-27
RAAM,Tripar Multivision Plus Tbk.,,,ACTIVE,COMMON_STOCK_UNCLASSIFIED,Utama,08 Mei 2023,,2026-08-27
DOOH,Era Media Sejahtera Tbk.,,,ACTIVE,COMMON_STOCK_UNCLASSIFIED,Pengembangan,08 Mei 2023,,2026-08-27
JATI,Informasi Teknologi Indonesia,,,ACTIVE,COMMON_STOCK_UNCLASSIFIED,Pengembangan,08 Mei 2023,,2026-08-27
TYRE,King Tire Indonesia Tbk.,,,ACTIVE,COMMON_STOCK_UNCLASSIFIED,Pengembangan,08 Mei 2023,,2026-08-27
MPXL,MPX Logistics International Tb,,,ACTIVE,COMMON_STOCK_UNCLASSIFIED,Pengembangan,09 Mei 2023,,2026-08-27
SMIL,Sarana Mitra Luas Tbk.,,,ACTIVE,COMMON_STOCK_UNCLASSIFIED,Utama,12 Mei 2023,,2026-08-27
KLAS,Pelayaran Kurnia Lautan Semest,,,ACTIVE,COMMON_STOCK_UNCLASSIFIED,Pengembangan,12 Jun 2023,,2026-08-27
MAXI,Maxindo Karya Anugerah Tbk.,,,ACTIVE,COMMON_STOCK_UNCLASSIFIED,Pengembangan,12 Jun 2023,,2026-08-27
VKTR,VKTR Teknologi Mobilitas Tbk.,,,ACTIVE,COMMON_STOCK_UNCLASSIFIED,Pengembangan,19 Jun 2023,,2026-08-27
RELF,Graha Mitra Asia Tbk.,,,ACTIVE,COMMON_STOCK_UNCLASSIFIED,Akselerasi,22 Jun 2023,,2026-08-27
AMMN,Amman Mineral Internasional Tb,,,ACTIVE,COMMON_STOCK_UNCLASSIFIED,Utama,07 Jul 2023,,2026-08-27
CRSN,Carsurin Tbk.,,,ACTIVE,COMMON_STOCK_UNCLASSIFIED,Pengembangan,10 Jul 2023,,2026-08-27
GRPM,Graha Prima Mentari Tbk.,,,ACTIVE,COMMON_STOCK_UNCLASSIFIED,Akselerasi,10 Jul 2023,,2026-08-27
WIDI,Widiant Jaya Krenindo Tbk.,,,ACTIVE,COMMON_STOCK_UNCLASSIFIED,Akselerasi,10 Jul 2023,,2026-08-27
TGUK,Platinum Wahab Nusantara Tbk.,,,ACTIVE,COMMON_STOCK_UNCLASSIFIED,Pemantauan Khusus,10 Jul 2023,,2026-08-27
INET,Sinergi Inti Andalan Prima Tbk,,,ACTIVE,COMMON_STOCK_UNCLASSIFIED,Pengembangan,24 Jul 2023,,2026-08-27
MAHA,Mandiri Herindo Adiperkasa Tbk,,,ACTIVE,COMMON_STOCK_UNCLASSIFIED,Utama,25 Jul 2023,,2026-08-27
RMKO,Royaltama Mulia Kontraktorindo,,,ACTIVE,COMMON_STOCK_UNCLASSIFIED,Pengembangan,31 Jul 2023,,2026-08-27
CNMA,Nusantara Sejahtera Raya Tbk.,,,ACTIVE,COMMON_STOCK_UNCLASSIFIED,Pengembangan,02 Agt 2023,,2026-08-27
FOLK,Multi Garam Utama Tbk.,,,ACTIVE,COMMON_STOCK_UNCLASSIFIED,Pengembangan,07 Agt 2023,,2026-08-27
HBAT,Minahasa Membangun Hebat Tbk.,,,ACTIVE,COMMON_STOCK_UNCLASSIFIED,Akselerasi,07 Agt 2023,,2026-08-27
GRIA,Ingria Pratama Capitalindo Tbk,,,ACTIVE,COMMON_STOCK_UNCLASSIFIED,Pengembangan,08 Agt 2023,,2026-08-27
PPRI,Paperocks Indonesia Tbk.,,,ACTIVE,COMMON_STOCK_UNCLASSIFIED,Pengembangan,08 Agt 2023,,2026-08-27
ERAL,Sinar Eka Selaras Tbk.,,,ACTIVE,COMMON_STOCK_UNCLASSIFIED,Utama,08 Agt 2023,,2026-08-27
CYBR,ITSEC Asia Tbk.,,,ACTIVE,COMMON_STOCK_UNCLASSIFIED,Pengembangan,08 Agt 2023,,2026-08-27
MUTU,Mutuagung Lestari Tbk.,,,ACTIVE,COMMON_STOCK_UNCLASSIFIED,Pengembangan,09 Agt 2023,,2026-08-27
LMAX,Lupromax Pelumas Indonesia Tbk,,,ACTIVE,COMMON_STOCK_UNCLASSIFIED,Akselerasi,09 Agt 2023,,2026-08-27
HUMI,Humpuss Maritim Internasional,,,ACTIVE,COMMON_STOCK_UNCLASSIFIED,Pengembangan,09 Agt 2023,,2026-08-27
MSIE,Multisarana Intan Eduka Tbk.,,,ACTIVE,COMMON_STOCK_UNCLASSIFIED,Akselerasi,10 Agt 2023,,2026-08-27
RSCH,Charlie Hospital Semarang Tbk.,,,ACTIVE,COMMON_STOCK_UNCLASSIFIED,Pengembangan,28 Agt 2023,,2026-08-27
BABY,Multitrend Indo Tbk.,,,ACTIVE,COMMON_STOCK_UNCLASSIFIED,Pengembangan,07 Sep 2023,,2026-08-27
AEGS,Anugerah Spareparts Sejahtera,,,ACTIVE,COMMON_STOCK_UNCLASSIFIED,Akselerasi,11 Sep 2023,,2026-08-27
IOTF,Sumber Sinergi Makmur Tbk.,,,ACTIVE,COMMON_STOCK_UNCLASSIFIED,Pengembangan,06 Okt 2023,,2026-08-27
KOCI,Kokoh Exa Nusantara Tbk.,,,ACTIVE,COMMON_STOCK_UNCLASSIFIED,Pengembangan,07 Okt 2023,,2026-08-27
PTPS,Pulau Subur Tbk.,,,ACTIVE,COMMON_STOCK_UNCLASSIFIED,Pengembangan,09 Okt 2023,,2026-08-27
BREN,Barito Renewables Energy Tbk.,,,ACTIVE,COMMON_STOCK_UNCLASSIFIED,Utama,09 Okt 2023,,2026-08-27
STRK,Lovina Beach Brewery Tbk.,,,ACTIVE,COMMON_STOCK_UNCLASSIFIED,Pengembangan,10 Okt 2023,,2026-08-27
KOKA,Koka Indonesia Tbk.,,,ACTIVE,COMMON_STOCK_UNCLASSIFIED,Pengembangan,11 Okt 2023,,2026-08-27
LOPI,Logisticsplus International Tb,,,ACTIVE,COMMON_STOCK_UNCLASSIFIED,Akselerasi,11 Okt 2023,,2026-08-27
UDNG,Agro Bahari Nusantara Tbk.,,,ACTIVE,COMMON_STOCK_UNCLASSIFIED,Akselerasi,31 Okt 2023,,2026-08-27
RGAS,Kian Santang Muliatama Tbk.,,,ACTIVE,COMMON_STOCK_UNCLASSIFIED,Pengembangan,08 Nov 2023,,2026-08-27
MSTI,Mastersystem Infotama Tbk.,,,ACTIVE,COMMON_STOCK_UNCLASSIFIED,Utama,08 Nov 2023,,2026-08-27
IKPM,Ikapharmindo Putramas Tbk.,,,ACTIVE,COMMON_STOCK_UNCLASSIFIED,Pengembangan,08 Nov 2023,,2026-08-27
AYAM,Janu Putra Sejahtera Tbk.,,,ACTIVE,COMMON_STOCK_UNCLASSIFIED,Pengembangan,30 Nov 2023,,2026-08-27
SURI,Maja Agung Latexindo Tbk.,,,ACTIVE,COMMON_STOCK_UNCLASSIFIED,Pengembangan,07 Des 2023,,2026-08-27
ASLI,Asri Karya Lestari Tbk.,,,ACTIVE,COMMON_STOCK_UNCLASSIFIED,Pengembangan,05 Jan 2024,,2026-08-27
CGAS,Citra Nusantara Gemilang Tbk.,,,ACTIVE,COMMON_STOCK_UNCLASSIFIED,Pengembangan,08 Jan 2024,,2026-08-27
NICE,Adhi Kartiko Pratama Tbk.,,,ACTIVE,COMMON_STOCK_UNCLASSIFIED,Pengembangan,09 Jan 2024,,2026-08-27
MSJA,Multi Spunindo Jaya Tbk.,,,ACTIVE,COMMON_STOCK_UNCLASSIFIED,Pengembangan,10 Jan 2024,,2026-08-27
SMLE,Sinergi Multi Lestarindo Tbk.,,,ACTIVE,COMMON_STOCK_UNCLASSIFIED,Pengembangan,10 Jan 2024,,2026-08-27
ACRO,Samcro Hyosung Adilestari Tbk.,,,ACTIVE,COMMON_STOCK_UNCLASSIFIED,Pengembangan,11 Jan 2024,,2026-08-27
MANG,Manggung Polahraya Tbk.,,,ACTIVE,COMMON_STOCK_UNCLASSIFIED,Akselerasi,11 Jan 2024,,2026-08-27
GRPH,Griptha Putra Persada Tbk.,,,ACTIVE,COMMON_STOCK_UNCLASSIFIED,Pengembangan,17 Jan 2024,,2026-08-27
SMGA,Sumber Mineral Global Abadi Tb,,,ACTIVE,COMMON_STOCK_UNCLASSIFIED,Pengembangan,30 Jan 2024,,2026-08-27
UNTD,Terang Dunia Internusa Tbk.,,,ACTIVE,COMMON_STOCK_UNCLASSIFIED,Pengembangan,07 Feb 2024,,2026-08-27
TOSK,Topindo Solusi Komunika Tbk.,,,ACTIVE,COMMON_STOCK_UNCLASSIFIED,Pengembangan,07 Feb 2024,,2026-08-27
MPIX,Mitra Pedagang Indonesia Tbk.,,,ACTIVE,COMMON_STOCK_UNCLASSIFIED,Pengembangan,07 Feb 2024,,2026-08-27
ALII,Ancara Logistics Indonesia Tbk,,,ACTIVE,COMMON_STOCK_UNCLASSIFIED,Utama,07 Feb 2024,,2026-08-27
MKAP,Multikarya Asia Pasifik Raya T,,,ACTIVE,COMMON_STOCK_UNCLASSIFIED,Pengembangan,12 Feb 2024,,2026-08-27
MEJA,Harta Djaya Karya Tbk.,,,ACTIVE,COMMON_STOCK_UNCLASSIFIED,Akselerasi,12 Feb 2024,,2026-08-27
LIVE,Homeco Victoria Makmur Tbk.,,,ACTIVE,COMMON_STOCK_UNCLASSIFIED,Pengembangan,12 Feb 2024,,2026-08-27
HYGN,Ecocare Indo Pasifik Tbk.,,,ACTIVE,COMMON_STOCK_UNCLASSIFIED,Pengembangan,13 Feb 2024,,2026-08-27
BAIK,Bersama Mencapai Puncak Tbk.,,,ACTIVE,COMMON_STOCK_UNCLASSIFIED,Pengembangan,15 Feb 2024,,2026-08-27
VISI,Satu Visi Putra Tbk.,,,ACTIVE,COMMON_STOCK_UNCLASSIFIED,Pengembangan,27 Feb 2024,,2026-08-27
AREA,Dunia Virtual Online Tbk.,,,ACTIVE,COMMON_STOCK_UNCLASSIFIED,Pengembangan,01 Apr 2024,,2026-08-27
MHKI,Multi Hanna Kreasindo Tbk.,,,ACTIVE,COMMON_STOCK_UNCLASSIFIED,Pengembangan,16 Apr 2024,,2026-08-27
ATLA,Atlantis Subsea Indonesia Tbk.,,,ACTIVE,COMMON_STOCK_UNCLASSIFIED,Pengembangan,16 Apr 2024,,2026-08-27
DATA,Remala Abadi Tbk.,,,ACTIVE,COMMON_STOCK_UNCLASSIFIED,Pengembangan,07 Mei 2024,,2026-08-27
SOLA,Xolare RCR Energy Tbk.,,,ACTIVE,COMMON_STOCK_UNCLASSIFIED,Pengembangan,08 Mei 2024,,2026-08-27
BATR,Benteng Api Technic Tbk.,,,ACTIVE,COMMON_STOCK_UNCLASSIFIED,Pengembangan,10 Jun 2024,,2026-08-27
SPRE,Soraya Berjaya Indonesia Tbk.,,,ACTIVE,COMMON_STOCK_UNCLASSIFIED,Akselerasi,03 Jul 2024,,2026-08-27
PART,Cipta Perdana Lancar Tbk.,,,ACTIVE,COMMON_STOCK_UNCLASSIFIED,Pengembangan,05 Jul 2024,,2026-08-27
GOLF,Intra Golflink Resorts Tbk.,,,ACTIVE,COMMON_STOCK_UNCLASSIFIED,Utama,08 Jul 2024,,2026-08-27
ISEA,Indo American Seafoods Tbk.,,,ACTIVE,COMMON_STOCK_UNCLASSIFIED,Pengembangan,08 Jul 2024,,2026-08-27
BLES,Superior Prima Sukses Tbk.,,,ACTIVE,COMMON_STOCK_UNCLASSIFIED,Pengembangan,08 Jul 2024,,2026-08-27
GUNA,Gunanusa Eramandiri Tbk.,,,ACTIVE,COMMON_STOCK_UNCLASSIFIED,Pengembangan,09 Jul 2024,,2026-08-27
LABS,UBC Medical Indonesia Tbk.,,,ACTIVE,COMMON_STOCK_UNCLASSIFIED,Pengembangan,10 Jul 2024,,2026-08-27
DOSS,Global Sukses Digital Tbk.,,,ACTIVE,COMMON_STOCK_UNCLASSIFIED,Pengembangan,07 Agt 2024,,2026-08-27
NEST,Esta Indonesia Tbk.,,,ACTIVE,COMMON_STOCK_UNCLASSIFIED,Pengembangan,08 Agt 2024,,2026-08-27
PTMR,Master Print Tbk.,,,ACTIVE,COMMON_STOCK_UNCLASSIFIED,Pemantauan Khusus,08 Okt 2024,,2026-08-27
VERN,Verona Indah Pictures Tbk.,,,ACTIVE,COMMON_STOCK_UNCLASSIFIED,Pengembangan,08 Okt 2024,,2026-08-27
DAAZ,Daaz Bara Lestari Tbk.,,,ACTIVE,COMMON_STOCK_UNCLASSIFIED,Utama,11 Nov 2024,,2026-08-27
BOAT,Newport Marine Services Tbk.,,,ACTIVE,COMMON_STOCK_UNCLASSIFIED,Pengembangan,12 Nov 2024,,2026-08-27
NAIK,Adiwarna Anugerah Abadi Tbk.,,,ACTIVE,COMMON_STOCK_UNCLASSIFIED,Pengembangan,13 Nov 2024,,2026-08-27
AADI,Adaro Andalan Indonesia Tbk.,,,ACTIVE,COMMON_STOCK_UNCLASSIFIED,Utama,05 Des 2024,,2026-08-27
MDIY,Daya Intiguna Yasa Tbk.,,,ACTIVE,COMMON_STOCK_UNCLASSIFIED,Utama,19 Des 2024,,2026-08-27
KSIX,Kentanix Supra International T,,,ACTIVE,COMMON_STOCK_UNCLASSIFIED,Pengembangan,08 Jan 2025,,2026-08-27
RATU,Raharja Energi Cepu Tbk.,,,ACTIVE,COMMON_STOCK_UNCLASSIFIED,Pengembangan,08 Jan 2025,,2026-08-27
YOII,Asuransi Digital Bersama Tbk.,,,ACTIVE,COMMON_STOCK_UNCLASSIFIED,Pengembangan,08 Jan 2025,,2026-08-27
HGII,Hero Global Investment Tbk.,,,ACTIVE,COMMON_STOCK_UNCLASSIFIED,Pengembangan,09 Jan 2025,,2026-08-27
BRRC,Raja Roti Cemerlang Tbk.,,,ACTIVE,COMMON_STOCK_UNCLASSIFIED,Pengembangan,09 Jan 2025,,2026-08-27
DGWG,Delta Giri Wacana Tbk.,,,ACTIVE,COMMON_STOCK_UNCLASSIFIED,Utama,13 Jan 2025,,2026-08-27
CBDK,Bangun Kosambi Sukses Tbk.,,,ACTIVE,COMMON_STOCK_UNCLASSIFIED,Utama,13 Jan 2025,,2026-08-27
OBAT,Brigit Biofarmaka Teknologi Tb,,,ACTIVE,COMMON_STOCK_UNCLASSIFIED,Pengembangan,13 Jan 2025,,2026-08-27
MINE,Sinar Terang Mandiri Tbk.,,,ACTIVE,COMMON_STOCK_UNCLASSIFIED,Pengembangan,10 Mar 2025,,2026-08-27
KAQI,Jantra Grupo Indonesia Tbk.,,,ACTIVE,COMMON_STOCK_UNCLASSIFIED,Pengembangan,10 Mar 2025,,2026-08-27
YUPI,Yupi Indo Jelly Gum Tbk.,,,ACTIVE,COMMON_STOCK_UNCLASSIFIED,Utama,25 Mar 2025,,2026-08-27
FORE,Fore Kopi Indonesia Tbk.,,,ACTIVE,COMMON_STOCK_UNCLASSIFIED,Pengembangan,14 Apr 2025,,2026-08-27
MDLA,Medela Potentia Tbk.,,,ACTIVE,COMMON_STOCK_UNCLASSIFIED,Utama,15 Apr 2025,,2026-08-27
DKHH,Cipta Sarana Medika Tbk.,,,ACTIVE,COMMON_STOCK_UNCLASSIFIED,Pengembangan,08 Mei 2025,,2026-08-27
ASPR,Asia Pramulia Tbk.,,,ACTIVE,COMMON_STOCK_UNCLASSIFIED,Pengembangan,08 Jul 2025,,2026-08-27
PSAT,Pancaran Samudera Transport Tb,,,ACTIVE,COMMON_STOCK_UNCLASSIFIED,Pengembangan,08 Jul 2025,,2026-08-27
COIN,Indokripto Koin Semesta Tbk.,,,ACTIVE,COMMON_STOCK_UNCLASSIFIED,Pengembangan,09 Jul 2025,,2026-08-27
CDIA,Chandra Daya Investasi Tbk.,,,ACTIVE,COMMON_STOCK_UNCLASSIFIED,Pengembangan,09 Jul 2025,,2026-08-27
BLOG,Trimitra Trans Persada Tbk.,,,ACTIVE,COMMON_STOCK_UNCLASSIFIED,Utama,10 Jul 2025,,2026-08-27
MERI,Merry Riana Edukasi Tbk.,,,ACTIVE,COMMON_STOCK_UNCLASSIFIED,Pengembangan,10 Jul 2025,,2026-08-27
CHEK,Diastika Biotekindo Tbk.,,,ACTIVE,COMMON_STOCK_UNCLASSIFIED,Pengembangan,10 Jul 2025,,2026-08-27
PMUI,Prima Multi Usaha Indonesia Tb,,,ACTIVE,COMMON_STOCK_UNCLASSIFIED,Pengembangan,10 Jul 2025,,2026-08-27
EMAS,Merdeka Gold Resources Tbk.,,,ACTIVE,COMMON_STOCK_UNCLASSIFIED,Pengembangan,23 Sep 2025,,2026-08-27
PJHB,Pelayaran Jaya Hidup Baru Tbk.,,,ACTIVE,COMMON_STOCK_UNCLASSIFIED,Pengembangan,06 Nov 2025,,2026-08-27
RLCO,Abadi Lestari Indonesia Tbk.,,,ACTIVE,COMMON_STOCK_UNCLASSIFIED,Pengembangan,08 Des 2025,,2026-08-27
SUPA,Super Bank Indonesia Tbk.,,,ACTIVE,COMMON_STOCK_UNCLASSIFIED,Pengembangan,17 Des 2025,,2026-08-27
WBSA,BSA Logistics Indonesia Tbk.,,,ACTIVE,COMMON_STOCK_UNCLASSIFIED,Pengembangan,10 Apr 2026,,2026-08-27
JECX,Nitrasanata Dharma Tbk.,,,ACTIVE,COMMON_STOCK_UNCLASSIFIED,Utama,07 Jul 2026,,2026-08-27
JELI,Niramas Utama Tbk.,,,ACTIVE,COMMON_STOCK_UNCLASSIFIED,Pengembangan,07 Jul 2026,,2026-08-27
EMMI,Esa Medika Mandiri Tbk.,,,ACTIVE,COMMON_STOCK_UNCLASSIFIED,Pengembangan,08 Jul 2026,,2026-08-27
BACH,Bach Multi Global Tbk.,,,ACTIVE,COMMON_STOCK_UNCLASSIFIED,Utama,08 Jul 2026,,2026-08-27
PRDL,Prodia Diagnostic Line Tbk.,,,ACTIVE,COMMON_STOCK_UNCLASSIFIED,Pengembangan,09 Jul 2026,,2026-08-27
RANS,Rans Entertainmen Indonesia Tb,,,ACTIVE,COMMON_STOCK_UNCLASSIFIED,Pengembangan,10 Jul 2026,,2026-08-27
AALI,Astra Agro Lestari Tbk.,,,ACTIVE,COMMON_STOCK_UNCLASSIFIED,Utama,09 Des 1997,,2026-08-27
ABBA,Mahaka Media Tbk.,,,ACTIVE,COMMON_STOCK_UNCLASSIFIED,Pemantauan Khusus,03 Apr 2002,,2026-08-27
ABDA,Asuransi Bina Dana Arta Tbk.,,,ACTIVE,COMMON_STOCK_UNCLASSIFIED,Pengembangan,06 Jul 1989,,2026-08-27
ABMM,ABM Investama Tbk.,,,ACTIVE,COMMON_STOCK_UNCLASSIFIED,Utama,06 Des 2011,,2026-08-27
ACES,Aspirasi Hidup Indonesia Tbk.,,,ACTIVE,COMMON_STOCK_UNCLASSIFIED,Utama,06 Nov 2007,,2026-08-27
ACST,Acset Indonusa Tbk.,,,ACTIVE,COMMON_STOCK_UNCLASSIFIED,Pemantauan Khusus,24 Jun 2013,,2026-08-27
ADES,Akasha Wira International Tbk.,,,ACTIVE,COMMON_STOCK_UNCLASSIFIED,Pemantauan Khusus,13 Jun 1994,,2026-08-27
ADHI,Adhi Karya (Persero) Tbk.,,,ACTIVE,COMMON_STOCK_UNCLASSIFIED,Utama,18 Mar 2004,,2026-08-27
ADMF,Adira Dinamika Multi Finance T,,,ACTIVE,COMMON_STOCK_UNCLASSIFIED,Pengembangan,31 Mar 2004,,2026-08-27
ADMG,Polychem Indonesia Tbk,,,ACTIVE,COMMON_STOCK_UNCLASSIFIED,Pengembangan,20 Okt 1993,,2026-08-27
ADRO,Alamtri Resources Indonesia Tb,,,ACTIVE,COMMON_STOCK_UNCLASSIFIED,Utama,16 Jul 2008,,2026-08-27
AGII,Samator Indo Gas Tbk.,,,ACTIVE,COMMON_STOCK_UNCLASSIFIED,Pengembangan,28 Sep 2016,,2026-08-27
AGRO,Bank Raya Indonesia Tbk.,,,ACTIVE,COMMON_STOCK_UNCLASSIFIED,Utama,08 Agt 2003,,2026-08-27
AGRS,Bank IBK Indonesia Tbk.,,,ACTIVE,COMMON_STOCK_UNCLASSIFIED,Pengembangan,22 Des 2014,,2026-08-27
AHAP,Asuransi Harta Aman Pratama Tb,,,ACTIVE,COMMON_STOCK_UNCLASSIFIED,Pengembangan,14 Sep 1990,,2026-08-27
AIMS,Artha Mahiya Investama Tbk.,,,ACTIVE,COMMON_STOCK_UNCLASSIFIED,Pengembangan,20 Jul 2001,,2026-08-27
AISA,FKS Food Sejahtera Tbk.,,,ACTIVE,COMMON_STOCK_UNCLASSIFIED,Utama,11 Jun 1997,,2026-08-27
AKKU,Anugerah Kagum Karya Utama Tbk,,,ACTIVE,COMMON_STOCK_UNCLASSIFIED,Pemantauan Khusus,01 Nov 2004,,2026-08-27
AKPI,Argha Karya Prima Industry Tbk,,,ACTIVE,COMMON_STOCK_UNCLASSIFIED,Pengembangan,18 Des 1992,,2026-08-27
AKRA,AKR Corporindo Tbk.,,,ACTIVE,COMMON_STOCK_UNCLASSIFIED,Utama,03 Okt 1994,,2026-08-27
AKSI,Mineral Sumberdaya Mandiri Tbk,,,ACTIVE,COMMON_STOCK_UNCLASSIFIED,Pengembangan,13 Jul 2001,,2026-08-27
ALDO,Alkindo Naratama Tbk.,,,ACTIVE,COMMON_STOCK_UNCLASSIFIED,Utama,12 Jul 2011,,2026-08-27
ALKA,Alakasa Industrindo Tbk,,,ACTIVE,COMMON_STOCK_UNCLASSIFIED,Pengembangan,12 Jul 1990,,2026-08-27
ALMI,Alumindo Light Metal Industry,,,ACTIVE,COMMON_STOCK_UNCLASSIFIED,Pemantauan Khusus,02 Jan 1997,,2026-08-27
ALTO,Tri Banyan Tirta Tbk.,,,ACTIVE,COMMON_STOCK_UNCLASSIFIED,Pemantauan Khusus,10 Jul 2012,,2026-08-27
AMAG,Asuransi Multi Artha Guna Tbk.,,,ACTIVE,COMMON_STOCK_UNCLASSIFIED,Utama,23 Des 2005,,2026-08-27
AMFG,Asahimas Flat Glass Tbk.,,,ACTIVE,COMMON_STOCK_UNCLASSIFIED,Pengembangan,08 Nov 1995,,2026-08-27
AMIN,Ateliers Mecaniques D Indonesi,,,ACTIVE,COMMON_STOCK_UNCLASSIFIED,Pengembangan,10 Des 2015,,2026-08-27
AMRT,Sumber Alfaria Trijaya Tbk.,,,ACTIVE,COMMON_STOCK_UNCLASSIFIED,Utama,15 Jan 2009,,2026-08-27
ANJT,Austindo Nusantara Jaya Tbk.,,,ACTIVE,COMMON_STOCK_UNCLASSIFIED,Pengembangan,08 Mei 2013,,2026-08-27
ANTM,ANTAM (Persero) Tbk.,,,ACTIVE,COMMON_STOCK_UNCLASSIFIED,Utama,27 Nov 1997,,2026-08-27
APEX,Apexindo Pratama Duta Tbk.,,,ACTIVE,COMMON_STOCK_UNCLASSIFIED,Pengembangan,05 Jun 2013,,2026-08-27
APIC,Pacific Strategic Financial Tb,,,ACTIVE,COMMON_STOCK_UNCLASSIFIED,Pengembangan,18 Des 2002,,2026-08-27
APII,Arita Prima Indonesia Tbk.,,,ACTIVE,COMMON_STOCK_UNCLASSIFIED,Pengembangan,29 Okt 2013,,2026-08-27
APLI,Asiaplast Industries Tbk.,,,ACTIVE,COMMON_STOCK_UNCLASSIFIED,Pengembangan,01 Mei 2000,,2026-08-27
APLN,Agung Podomoro Land Tbk.,,,ACTIVE,COMMON_STOCK_UNCLASSIFIED,Utama,11 Nov 2010,,2026-08-27
ARGO,Argo Pantes Tbk,,,ACTIVE,COMMON_STOCK_UNCLASSIFIED,Pengembangan,07 Jan 1991,,2026-08-27
ARII,Atlas Resources Tbk.,,,ACTIVE,COMMON_STOCK_UNCLASSIFIED,Pengembangan,08 Nov 2011,,2026-08-27
ARNA,Arwana Citramulia Tbk.,,,ACTIVE,COMMON_STOCK_UNCLASSIFIED,Utama,17 Jul 2001,,2026-08-27
ARTA,Arthavest Tbk,,,ACTIVE,COMMON_STOCK_UNCLASSIFIED,Pengembangan,05 Nov 2002,,2026-08-27
ARTI,Ratu Prabu Energi Tbk,,,ACTIVE,COMMON_STOCK_UNCLASSIFIED,Pemantauan Khusus,30 Apr 2003,,2026-08-27
ARTO,Bank Jago Tbk.,,,ACTIVE,COMMON_STOCK_UNCLASSIFIED,Utama,12 Jan 2016,,2026-08-27
ASBI,Asuransi Bintang Tbk.,,,ACTIVE,COMMON_STOCK_UNCLASSIFIED,Pengembangan,29 Nov 1989,,2026-08-27
ASDM,Asuransi Dayin Mitra Tbk.,,,ACTIVE,COMMON_STOCK_UNCLASSIFIED,Pengembangan,15 Des 1989,,2026-08-27
ASGR,Astra Graphia Tbk.,,,ACTIVE,COMMON_STOCK_UNCLASSIFIED,Utama,15 Nov 1989,,2026-08-27
ASII,Astra International Tbk.,,,ACTIVE,COMMON_STOCK_UNCLASSIFIED,Utama,04 Apr 1990,,2026-08-27
ASJT,Asuransi Jasa Tania Tbk.,,,ACTIVE,COMMON_STOCK_UNCLASSIFIED,Pengembangan,23 Des 2003,,2026-08-27
ASMI,Asuransi Maximus Graha Persada,,,ACTIVE,COMMON_STOCK_UNCLASSIFIED,Pemantauan Khusus,16 Jan 2014,,2026-08-27
ASRI,Alam Sutera Realty Tbk.,,,ACTIVE,COMMON_STOCK_UNCLASSIFIED,Utama,18 Des 2007,,2026-08-27
ASRM,Asuransi Ramayana Tbk.,,,ACTIVE,COMMON_STOCK_UNCLASSIFIED,Pengembangan,19 Mar 1990,,2026-08-27
ASSA,Adi Sarana Armada Tbk.,,,ACTIVE,COMMON_STOCK_UNCLASSIFIED,Utama,12 Nov 2012,,2026-08-27
ATIC,Anabatic Technologies Tbk.,,,ACTIVE,COMMON_STOCK_UNCLASSIFIED,Pengembangan,08 Jul 2015,,2026-08-27
AUTO,Astra Otoparts Tbk.,,,ACTIVE,COMMON_STOCK_UNCLASSIFIED,Utama,15 Jun 1998,,2026-08-27
BABP,Bank MNC Internasional Tbk.,,,ACTIVE,COMMON_STOCK_UNCLASSIFIED,Pengembangan,15 Jul 2002,,2026-08-27
BACA,Bank Capital Indonesia Tbk.,,,ACTIVE,COMMON_STOCK_UNCLASSIFIED,Utama,04 Okt 2007,,2026-08-27
BAJA,Saranacentral Bajatama Tbk.,,,ACTIVE,COMMON_STOCK_UNCLASSIFIED,Pemantauan Khusus,21 Des 2011,,2026-08-27
BALI,Bali Towerindo Sentra Tbk.,,,ACTIVE,COMMON_STOCK_UNCLASSIFIED,Utama,13 Mar 2014,,2026-08-27
BAPA,Bekasi Asri Pemula Tbk.,,,ACTIVE,COMMON_STOCK_UNCLASSIFIED,Pengembangan,14 Jan 2008,,2026-08-27
BATA,Sepatu Bata Tbk.,,,ACTIVE,COMMON_STOCK_UNCLASSIFIED,Pemantauan Khusus,24 Mar 1982,,2026-08-27
BAYU,Bayu Buana Tbk,,,ACTIVE,COMMON_STOCK_UNCLASSIFIED,Utama,30 Okt 1989,,2026-08-27
BBCA,Bank Central Asia Tbk.,,,ACTIVE,COMMON_STOCK_UNCLASSIFIED,Utama,31 Mei 2000,,2026-08-27
BBHI,Allo Bank Indonesia Tbk.,,,ACTIVE,COMMON_STOCK_UNCLASSIFIED,Utama,12 Agt 2015,,2026-08-27
BBKP,Bank KB Indonesia Tbk.,,,ACTIVE,COMMON_STOCK_UNCLASSIFIED,Pengembangan,10 Jul 2006,,2026-08-27
BBLD,Buana Finance Tbk.,,,ACTIVE,COMMON_STOCK_UNCLASSIFIED,Pengembangan,07 Mei 1990,,2026-08-27
BBMD,Bank Mestika Dharma Tbk.,,,ACTIVE,COMMON_STOCK_UNCLASSIFIED,Utama,08 Jul 2013,,2026-08-27
BBNI,Bank Negara Indonesia (Persero,,,ACTIVE,COMMON_STOCK_UNCLASSIFIED,Utama,25 Nov 1996,,2026-08-27
BBRI,Bank Rakyat Indonesia (Persero,,,ACTIVE,COMMON_STOCK_UNCLASSIFIED,Utama,10 Nov 2003,,2026-08-27
BBRM,Pelayaran Nasional Bina Buana,,,ACTIVE,COMMON_STOCK_UNCLASSIFIED,Pengembangan,09 Jan 2013,,2026-08-27
BBTN,Bank Tabungan Negara (Persero),,,ACTIVE,COMMON_STOCK_UNCLASSIFIED,Utama,17 Des 2009,,2026-08-27
BBYB,Bank Neo Commerce Tbk.,,,ACTIVE,COMMON_STOCK_UNCLASSIFIED,Utama,13 Jan 2015,,2026-08-27
BCAP,MNC Kapital Indonesia Tbk.,,,ACTIVE,COMMON_STOCK_UNCLASSIFIED,Utama,08 Jun 2001,,2026-08-27
BCIC,Bank JTrust Indonesia Tbk.,,,ACTIVE,COMMON_STOCK_UNCLASSIFIED,Pengembangan,25 Jun 1997,,2026-08-27
BCIP,Bumi Citra Permai Tbk.,,,ACTIVE,COMMON_STOCK_UNCLASSIFIED,Pengembangan,11 Des 2009,,2026-08-27
BDMN,Bank Danamon Indonesia Tbk.,,,ACTIVE,COMMON_STOCK_UNCLASSIFIED,Utama,06 Des 1989,,2026-08-27
BEKS,Bank Pembangunan Daerah Banten,,,ACTIVE,COMMON_STOCK_UNCLASSIFIED,Pemantauan Khusus,13 Jul 2001,,2026-08-27
BEST,Bekasi Fajar Industrial Estate,,,ACTIVE,COMMON_STOCK_UNCLASSIFIED,Utama,10 Apr 2012,,2026-08-27
BFIN,BFI Finance  Indonesia Tbk.,,,ACTIVE,COMMON_STOCK_UNCLASSIFIED,Utama,16 Mei 1990,,2026-08-27
BGTG,Bank Ganesha Tbk.,,,ACTIVE,COMMON_STOCK_UNCLASSIFIED,Utama,12 Mei 2016,,2026-08-27
BHIT,MNC Asia Holding Tbk.,,,ACTIVE,COMMON_STOCK_UNCLASSIFIED,Pemantauan Khusus,24 Nov 1997,,2026-08-27
BIKA,Binakarya Jaya Abadi Tbk.,,,ACTIVE,COMMON_STOCK_UNCLASSIFIED,Pemantauan Khusus,14 Jul 2015,,2026-08-27
BIMA,Primarindo Asia Infrastructure,,,ACTIVE,COMMON_STOCK_UNCLASSIFIED,Pemantauan Khusus,30 Agt 1994,,2026-08-27
BINA,Bank Ina Perdana Tbk.,,,ACTIVE,COMMON_STOCK_UNCLASSIFIED,Utama,16 Jan 2014,,2026-08-27
BIPI,Astrindo Nusantara Infrastrukt,,,ACTIVE,COMMON_STOCK_UNCLASSIFIED,Pengembangan,11 Feb 2010,,2026-08-27
BIPP,Bhuwanatala Indah Permai Tbk.,,,ACTIVE,COMMON_STOCK_UNCLASSIFIED,Pengembangan,23 Okt 1995,,2026-08-27
BIRD,Blue Bird Tbk.,,,ACTIVE,COMMON_STOCK_UNCLASSIFIED,Utama,05 Nov 2014,,2026-08-27
BISI,BISI International Tbk.,,,ACTIVE,COMMON_STOCK_UNCLASSIFIED,Utama,28 Mei 2007,,2026-08-27
BJBR,Bank Pembangunan Daerah Jawa B,,,ACTIVE,COMMON_STOCK_UNCLASSIFIED,Utama,08 Jul 2010,,2026-08-27
BJTM,Bank Pembangunan Daerah Jawa T,,,ACTIVE,COMMON_STOCK_UNCLASSIFIED,Utama,12 Jul 2012,,2026-08-27
BKDP,Bukit Darmo Property Tbk,,,ACTIVE,COMMON_STOCK_UNCLASSIFIED,Pengembangan,15 Jun 2007,,2026-08-27
BKSL,Sentul City Tbk.,,,ACTIVE,COMMON_STOCK_UNCLASSIFIED,Utama,28 Jul 1997,,2026-08-27
BKSW,Bank QNB Indonesia Tbk.,,,ACTIVE,COMMON_STOCK_UNCLASSIFIED,Pengembangan,21 Nov 2002,,2026-08-27
BLTA,Berlian Laju Tanker Tbk,,,ACTIVE,COMMON_STOCK_UNCLASSIFIED,Pemantauan Khusus,26 Mar 1990,,2026-08-27
BLTZ,Graha Layar Prima Tbk.,,,ACTIVE,COMMON_STOCK_UNCLASSIFIED,Pemantauan Khusus,10 Apr 2014,,2026-08-27
BMAS,Bank Kasikorn Indonesia Tbk.,,,ACTIVE,COMMON_STOCK_UNCLASSIFIED,Pengembangan,11 Jul 2013,,2026-08-27
BMRI,Bank Mandiri (Persero) Tbk.,,,ACTIVE,COMMON_STOCK_UNCLASSIFIED,Utama,14 Jul 2003,,2026-08-27
BMSR,Bintang Mitra Semestaraya Tbk,,,ACTIVE,COMMON_STOCK_UNCLASSIFIED,Pengembangan,29 Des 1999,,2026-08-27
BMTR,Global Mediacom Tbk.,,,ACTIVE,COMMON_STOCK_UNCLASSIFIED,Utama,17 Jul 1995,,2026-08-27
BNBA,Bank Bumi Arta Tbk.,,,ACTIVE,COMMON_STOCK_UNCLASSIFIED,Pengembangan,01 Jun 2006,,2026-08-27
BNBR,Bakrie & Brothers Tbk,,,ACTIVE,COMMON_STOCK_UNCLASSIFIED,Pengembangan,28 Agt 1989,,2026-08-27
BNGA,Bank CIMB Niaga Tbk.,,,ACTIVE,COMMON_STOCK_UNCLASSIFIED,Utama,29 Nov 1989,,2026-08-27
BNII,Bank Maybank Indonesia Tbk.,,,ACTIVE,COMMON_STOCK_UNCLASSIFIED,Utama,21 Nov 1989,,2026-08-27
BNLI,Bank Permata Tbk.,,,ACTIVE,COMMON_STOCK_UNCLASSIFIED,Utama,15 Jan 1990,,2026-08-27
BOLT,Garuda Metalindo Tbk.,,,ACTIVE,COMMON_STOCK_UNCLASSIFIED,Pengembangan,07 Jul 2015,,2026-08-27
BPFI,Woori Finance Indonesia Tbk.,,,ACTIVE,COMMON_STOCK_UNCLASSIFIED,Pengembangan,01 Jun 2009,,2026-08-27
BPII,Batavia Prosperindo Internasio,,,ACTIVE,COMMON_STOCK_UNCLASSIFIED,Pengembangan,08 Jul 2014,,2026-08-27
BRAM,Indo Kordsa Tbk.,,,ACTIVE,COMMON_STOCK_UNCLASSIFIED,Pengembangan,05 Sep 1990,,2026-08-27
BRMS,Bumi Resources Minerals Tbk.,,,ACTIVE,COMMON_STOCK_UNCLASSIFIED,Utama,09 Des 2010,,2026-08-27
BRNA,Berlina Tbk.,,,ACTIVE,COMMON_STOCK_UNCLASSIFIED,Pengembangan,06 Nov 1989,,2026-08-27
BRPT,Barito Pacific Tbk.,,,ACTIVE,COMMON_STOCK_UNCLASSIFIED,Utama,01 Okt 1993,,2026-08-27
BSDE,Bumi Serpong Damai Tbk.,,,ACTIVE,COMMON_STOCK_UNCLASSIFIED,Utama,06 Jun 2008,,2026-08-27
BSIM,Bank Sinarmas Tbk.,,,ACTIVE,COMMON_STOCK_UNCLASSIFIED,Utama,13 Des 2010,,2026-08-27
BSSR,Baramulti Suksessarana Tbk.,,,ACTIVE,COMMON_STOCK_UNCLASSIFIED,Utama,08 Nov 2012,,2026-08-27
BSWD,Bank Of India Indonesia Tbk.,,,ACTIVE,COMMON_STOCK_UNCLASSIFIED,Pemantauan Khusus,01 Mei 2002,,2026-08-27
BTEK,Bumi Teknokultura Unggul Tbk,,,ACTIVE,COMMON_STOCK_UNCLASSIFIED,Pemantauan Khusus,14 Mei 2004,,2026-08-27
BTEL,Bakrie Telecom Tbk.,,,ACTIVE,COMMON_STOCK_UNCLASSIFIED,Pemantauan Khusus,03 Feb 2006,,2026-08-27
BTON,Betonjaya Manunggal Tbk.,,,ACTIVE,COMMON_STOCK_UNCLASSIFIED,Pengembangan,18 Jul 2001,,2026-08-27
BTPN,Bank SMBC Indonesia Tbk.,,,ACTIVE,COMMON_STOCK_UNCLASSIFIED,Utama,12 Mar 2008,,2026-08-27
BUDI,Budi Starch & Sweetener Tbk.,,,ACTIVE,COMMON_STOCK_UNCLASSIFIED,Utama,08 Mei 1995,,2026-08-27
BUKK,Bukaka Teknik Utama Tbk.,,,ACTIVE,COMMON_STOCK_UNCLASSIFIED,Pengembangan,29 Jun 2015,,2026-08-27
BULL,Buana Lintas Lautan Tbk.,,,ACTIVE,COMMON_STOCK_UNCLASSIFIED,Pengembangan,23 Mei 2011,,2026-08-27
BUMI,Bumi Resources Tbk.,,,ACTIVE,COMMON_STOCK_UNCLASSIFIED,Utama,30 Jul 1990,,2026-08-27
BUVA,Bukit Uluwatu Villa Tbk.,,,ACTIVE,COMMON_STOCK_UNCLASSIFIED,Pengembangan,12 Jul 2010,,2026-08-27
BVIC,Bank Victoria International Tb,,,ACTIVE,COMMON_STOCK_UNCLASSIFIED,Utama,30 Jun 1999,,2026-08-27
BWPT,Eagle High Plantations Tbk.,,,ACTIVE,COMMON_STOCK_UNCLASSIFIED,Utama,27 Okt 2009,,2026-08-27
BYAN,Bayan Resources Tbk.,,,ACTIVE,COMMON_STOCK_UNCLASSIFIED,Utama,12 Agt 2008,,2026-08-27
CANI,Capitol Nusantara Indonesia Tb,,,ACTIVE,COMMON_STOCK_UNCLASSIFIED,Pemantauan Khusus,16 Jan 2014,,2026-08-27
CASS,Cahaya Aero Services Tbk.,,,ACTIVE,COMMON_STOCK_UNCLASSIFIED,Utama,05 Des 2011,,2026-08-27
CEKA,Wilmar Cahaya Indonesia Tbk.,,,ACTIVE,COMMON_STOCK_UNCLASSIFIED,Pengembangan,09 Jul 1996,,2026-08-27
CENT,Centratama Telekomunikasi Indo,,,ACTIVE,COMMON_STOCK_UNCLASSIFIED,Pengembangan,01 Nov 2001,,2026-08-27
CFIN,Clipan Finance Indonesia Tbk.,,,ACTIVE,COMMON_STOCK_UNCLASSIFIED,Utama,27 Agt 1990,,2026-08-27
CINT,Chitose Internasional Tbk.,,,ACTIVE,COMMON_STOCK_UNCLASSIFIED,Pengembangan,27 Jun 2014,,2026-08-27
CITA,Cita Mineral Investindo Tbk.,,,ACTIVE,COMMON_STOCK_UNCLASSIFIED,Utama,20 Mar 2002,,2026-08-27
CLPI,Colorpak Indonesia Tbk.,,,ACTIVE,COMMON_STOCK_UNCLASSIFIED,Pengembangan,30 Nov 2001,,2026-08-27
CMNP,Citra Marga Nusaphala Persada,,,ACTIVE,COMMON_STOCK_UNCLASSIFIED,Utama,10 Jan 1995,,2026-08-27
CMPP,AirAsia Indonesia Tbk.,,,ACTIVE,COMMON_STOCK_UNCLASSIFIED,Pemantauan Khusus,08 Des 1994,,2026-08-27
CNKO,Exploitasi Energi Indonesia Tb,,,ACTIVE,COMMON_STOCK_UNCLASSIFIED,Pemantauan Khusus,20 Nov 2001,,2026-08-27
COWL,Cowell Development Tbk.,,,ACTIVE,COMMON_STOCK_UNCLASSIFIED,Pemantauan Khusus,19 Des 2007,,2026-08-27
CPIN,Charoen Pokphand Indonesia Tbk,,,ACTIVE,COMMON_STOCK_UNCLASSIFIED,Utama,18 Mar 1991,,2026-08-27
CPRO,Central Proteina Prima Tbk.,,,ACTIVE,COMMON_STOCK_UNCLASSIFIED,Pengembangan,28 Nov 2006,,2026-08-27
CSAP,Catur Sentosa Adiprana Tbk.,,,ACTIVE,COMMON_STOCK_UNCLASSIFIED,Pengembangan,12 Des 2007,,2026-08-27
CTBN,Citra Tubindo Tbk.,,,ACTIVE,COMMON_STOCK_UNCLASSIFIED,Pengembangan,28 Nov 1989,,2026-08-27
CTRA,Ciputra Development Tbk.,,,ACTIVE,COMMON_STOCK_UNCLASSIFIED,Utama,28 Mar 1994,,2026-08-27
CTTH,Citatah Tbk.,,,ACTIVE,COMMON_STOCK_UNCLASSIFIED,Pengembangan,03 Jul 1996,,2026-08-27
DART,Duta Anggada Realty Tbk.,,,ACTIVE,COMMON_STOCK_UNCLASSIFIED,Pengembangan,08 Mei 1990,,2026-08-27
DEFI,Danasupra Erapacific Tbk.,,,ACTIVE,COMMON_STOCK_UNCLASSIFIED,Pengembangan,06 Jul 2001,,2026-08-27
DEWA,Darma Henwa Tbk,,,ACTIVE,COMMON_STOCK_UNCLASSIFIED,Utama,26 Sep 2007,,2026-08-27
DGIK,Nusa Konstruksi Enjiniring Tbk,,,ACTIVE,COMMON_STOCK_UNCLASSIFIED,Pengembangan,19 Des 2007,,2026-08-27
DILD,Intiland Development Tbk.,,,ACTIVE,COMMON_STOCK_UNCLASSIFIED,Utama,04 Sep 1991,,2026-08-27
DKFT,Central Omega Resources Tbk.,,,ACTIVE,COMMON_STOCK_UNCLASSIFIED,Utama,21 Nov 1997,,2026-08-27
DLTA,Delta Djakarta Tbk.,,,ACTIVE,COMMON_STOCK_UNCLASSIFIED,Utama,27 Feb 1984,,2026-08-27
DMAS,Puradelta Lestari Tbk.,,,ACTIVE,COMMON_STOCK_UNCLASSIFIED,Utama,29 Mei 2015,,2026-08-27
DNAR,Bank Oke Indonesia Tbk.,,,ACTIVE,COMMON_STOCK_UNCLASSIFIED,Pengembangan,11 Jul 2014,,2026-08-27
DNET,Indoritel Makmur Internasional,,,ACTIVE,COMMON_STOCK_UNCLASSIFIED,Utama,11 Des 2000,,2026-08-27
DOID,BUMA Internasional Grup Tbk.,,,ACTIVE,COMMON_STOCK_UNCLASSIFIED,Pengembangan,15 Jun 2001,,2026-08-27
DPNS,Duta Pertiwi Nusantara Tbk.,,,ACTIVE,COMMON_STOCK_UNCLASSIFIED,Pengembangan,08 Agt 1990,,2026-08-27
DSFI,Dharma Samudera Fishing Indust,,,ACTIVE,COMMON_STOCK_UNCLASSIFIED,Pengembangan,24 Mar 2000,,2026-08-27
DSNG,Dharma Satya Nusantara Tbk.,,,ACTIVE,COMMON_STOCK_UNCLASSIFIED,Utama,14 Jun 2013,,2026-08-27
DSSA,Dian Swastatika Sentosa Tbk,,,ACTIVE,COMMON_STOCK_UNCLASSIFIED,Utama,10 Des 2009,,2026-08-27
DUTI,Duta Pertiwi Tbk,,,ACTIVE,COMMON_STOCK_UNCLASSIFIED,Pemantauan Khusus,02 Nov 1994,,2026-08-27
DVLA,Darya-Varia Laboratoria Tbk.,,,ACTIVE,COMMON_STOCK_UNCLASSIFIED,Pengembangan,11 Nov 1994,,2026-08-27
DYAN,Dyandra Media International Tb,,,ACTIVE,COMMON_STOCK_UNCLASSIFIED,Pengembangan,25 Mar 2013,,2026-08-27
ECII,Electronic City Indonesia Tbk.,,,ACTIVE,COMMON_STOCK_UNCLASSIFIED,Pengembangan,03 Jul 2013,,2026-08-27
EKAD,Ekadharma International Tbk.,,,ACTIVE,COMMON_STOCK_UNCLASSIFIED,Pengembangan,14 Agt 1990,,2026-08-27
ELSA,Elnusa Tbk.,,,ACTIVE,COMMON_STOCK_UNCLASSIFIED,Utama,06 Feb 2008,,2026-08-27
ELTY,Bakrieland Development Tbk.,,,ACTIVE,COMMON_STOCK_UNCLASSIFIED,Pemantauan Khusus,30 Okt 1995,,2026-08-27
EMDE,Megapolitan Developments Tbk.,,,ACTIVE,COMMON_STOCK_UNCLASSIFIED,Pengembangan,12 Jan 2011,,2026-08-27
EMTK,Elang Mahkota Teknologi Tbk.,,,ACTIVE,COMMON_STOCK_UNCLASSIFIED,Utama,12 Jan 2010,,2026-08-27
ENRG,Energi Mega Persada Tbk.,,,ACTIVE,COMMON_STOCK_UNCLASSIFIED,Utama,07 Jun 2004,,2026-08-27
EPMT,Enseval Putera Megatrading Tbk,,,ACTIVE,COMMON_STOCK_UNCLASSIFIED,Utama,01 Agt 1994,,2026-08-27
ERAA,Erajaya Swasembada Tbk.,,,ACTIVE,COMMON_STOCK_UNCLASSIFIED,Utama,14 Des 2011,,2026-08-27
ERTX,Eratex Djaja Tbk.,,,ACTIVE,COMMON_STOCK_UNCLASSIFIED,Pengembangan,21 Agt 1990,,2026-08-27
ESSA,ESSA Industries Indonesia Tbk.,,,ACTIVE,COMMON_STOCK_UNCLASSIFIED,Utama,01 Feb 2012,,2026-08-27
ESTI,Ever Shine Tex Tbk.,,,ACTIVE,COMMON_STOCK_UNCLASSIFIED,Pengembangan,13 Okt 1992,,2026-08-27
ETWA,Eterindo Wahanatama Tbk,,,ACTIVE,COMMON_STOCK_UNCLASSIFIED,Pemantauan Khusus,16 Mei 1997,,2026-08-27
EXCL,XLSMART Telecom Sejahtera Tbk.,,,ACTIVE,COMMON_STOCK_UNCLASSIFIED,Utama,29 Sep 2005,,2026-08-27
FAST,Fast Food Indonesia Tbk.,,,ACTIVE,COMMON_STOCK_UNCLASSIFIED,Pengembangan,11 Mei 1993,,2026-08-27
FASW,Fajar Surya Wisesa Tbk.,,,ACTIVE,COMMON_STOCK_UNCLASSIFIED,Pemantauan Khusus,19 Des 1994,,2026-08-27
FISH,FKS Multi Agro Tbk.,,,ACTIVE,COMMON_STOCK_UNCLASSIFIED,Utama,18 Jan 2002,,2026-08-27
FMII,Fortune Mate Indonesia Tbk,,,ACTIVE,COMMON_STOCK_UNCLASSIFIED,Pengembangan,30 Jun 2000,,2026-08-27
FORU,Fortune Indonesia Tbk,,,ACTIVE,COMMON_STOCK_UNCLASSIFIED,Pengembangan,17 Jan 2002,,2026-08-27
FPNI,Lotte Chemical Titan Tbk.,,,ACTIVE,COMMON_STOCK_UNCLASSIFIED,Pengembangan,21 Mar 2002,,2026-08-27
GAMA,Aksara Global Development Tbk.,,,ACTIVE,COMMON_STOCK_UNCLASSIFIED,Pemantauan Khusus,11 Jul 2012,,2026-08-27
GDST,Gunawan Dianjaya Steel Tbk.,,,ACTIVE,COMMON_STOCK_UNCLASSIFIED,Pengembangan,23 Des 2009,,2026-08-27
GDYR,Goodyear Indonesia Tbk.,,,ACTIVE,COMMON_STOCK_UNCLASSIFIED,Pengembangan,22 Des 1980,,2026-08-27
GEMA,Gema Grahasarana Tbk.,,,ACTIVE,COMMON_STOCK_UNCLASSIFIED,Pengembangan,12 Agt 2002,,2026-08-27
GEMS,Golden Energy Mines Tbk.,,,ACTIVE,COMMON_STOCK_UNCLASSIFIED,Utama,17 Nov 2011,,2026-08-27
GGRM,Gudang Garam Tbk.,,,ACTIVE,COMMON_STOCK_UNCLASSIFIED,Utama,27 Agt 1990,,2026-08-27
GIAA,Garuda Indonesia (Persero) Tbk,,,ACTIVE,COMMON_STOCK_UNCLASSIFIED,Pengembangan,11 Feb 2011,,2026-08-27
GJTL,Gajah Tunggal Tbk.,,,ACTIVE,COMMON_STOCK_UNCLASSIFIED,Utama,08 Mei 1990,,2026-08-27
GLOB,Globe Kita Terang Tbk.,,,ACTIVE,COMMON_STOCK_UNCLASSIFIED,Pemantauan Khusus,10 Jul 2012,,2026-08-27
GMTD,Gowa Makassar Tourism Developm,,,ACTIVE,COMMON_STOCK_UNCLASSIFIED,Pengembangan,11 Des 2000,,2026-08-27
GOLD,Visi Telekomunikasi Infrastruk,,,ACTIVE,COMMON_STOCK_UNCLASSIFIED,Pengembangan,07 Jul 2010,,2026-08-27
GOLL,Golden Plantation Tbk.,,,ACTIVE,COMMON_STOCK_UNCLASSIFIED,Pemantauan Khusus,23 Des 2014,,2026-08-27
GPRA,Perdana Gapuraprima Tbk.,,,ACTIVE,COMMON_STOCK_UNCLASSIFIED,Pengembangan,10 Okt 2007,,2026-08-27
GSMF,Equity Development Investment,,,ACTIVE,COMMON_STOCK_UNCLASSIFIED,Pengembangan,23 Okt 1989,,2026-08-27
GTBO,Garda Tujuh Buana Tbk,,,ACTIVE,COMMON_STOCK_UNCLASSIFIED,Pemantauan Khusus,09 Jul 2009,,2026-08-27
GWSA,Greenwood Sejahtera Tbk.,,,ACTIVE,COMMON_STOCK_UNCLASSIFIED,Pengembangan,23 Des 2011,,2026-08-27
GZCO,Gozco Plantations Tbk.,,,ACTIVE,COMMON_STOCK_UNCLASSIFIED,Utama,15 Mei 2008,,2026-08-27
HADE,Himalaya Energi Perkasa Tbk.,,,ACTIVE,COMMON_STOCK_UNCLASSIFIED,Pemantauan Khusus,12 Apr 2004,,2026-08-27
HDFA,Radana Bhaskara Finance Tbk.,,,ACTIVE,COMMON_STOCK_UNCLASSIFIED,Pengembangan,10 Mei 2011,,2026-08-27
HERO,DFI Retail Nusantara Tbk.,,,ACTIVE,COMMON_STOCK_UNCLASSIFIED,Utama,21 Agt 1989,,2026-08-27
HEXA,Hexindo Adiperkasa Tbk.,,,ACTIVE,COMMON_STOCK_UNCLASSIFIED,Utama,13 Feb 1995,,2026-08-27
HITS,Humpuss Intermoda Transportasi,,,ACTIVE,COMMON_STOCK_UNCLASSIFIED,Pemantauan Khusus,15 Des 1997,,2026-08-27
HMSP,H.M. Sampoerna Tbk.,,,ACTIVE,COMMON_STOCK_UNCLASSIFIED,Utama,15 Agt 1990,,2026-08-27
HOME,Hotel Mandarine Regency Tbk.,,,ACTIVE,COMMON_STOCK_UNCLASSIFIED,Pemantauan Khusus,17 Jul 2008,,2026-08-27
HOTL,Saraswati Griya Lestari Tbk.,,,ACTIVE,COMMON_STOCK_UNCLASSIFIED,Pemantauan Khusus,10 Jan 2013,,2026-08-27
HRUM,Harum Energy Tbk.,,,ACTIVE,COMMON_STOCK_UNCLASSIFIED,Utama,06 Okt 2010,,2026-08-27
IATA,Karya Pacific Energy Tbk.,,,ACTIVE,COMMON_STOCK_UNCLASSIFIED,Pengembangan,13 Sep 2006,,2026-08-27
IBFN,Intan Baru Prana Tbk.,,,ACTIVE,COMMON_STOCK_UNCLASSIFIED,Pemantauan Khusus,22 Des 2014,,2026-08-27
IBST,Inti Bangun Sejahtera Tbk.,,,ACTIVE,COMMON_STOCK_UNCLASSIFIED,Pemantauan Khusus,31 Agt 2012,,2026-08-27
ICBP,Indofood CBP Sukses Makmur Tbk,,,ACTIVE,COMMON_STOCK_UNCLASSIFIED,Utama,07 Okt 2010,,2026-08-27
ICON,Island Concepts Indonesia Tbk.,,,ACTIVE,COMMON_STOCK_UNCLASSIFIED,Pengembangan,08 Jul 2005,,2026-08-27
IGAR,Champion Pacific Indonesia Tbk,,,ACTIVE,COMMON_STOCK_UNCLASSIFIED,Pengembangan,05 Nov 1990,,2026-08-27
IIKP,Inti Agri Resources Tbk,,,ACTIVE,COMMON_STOCK_UNCLASSIFIED,Pemantauan Khusus,14 Okt 2002,,2026-08-27
IKAI,Intikeramik Alamasri Industri,,,ACTIVE,COMMON_STOCK_UNCLASSIFIED,Pemantauan Khusus,04 Jun 1997,,2026-08-27
IKBI,Sumi Indo Kabel Tbk.,,,ACTIVE,COMMON_STOCK_UNCLASSIFIED,Pengembangan,21 Jan 1991,,2026-08-27
IMAS,Indomobil Sukses Internasional,,,ACTIVE,COMMON_STOCK_UNCLASSIFIED,Utama,15 Nov 1993,,2026-08-27
IMJS,Indomobil Multi Jasa Tbk.,,,ACTIVE,COMMON_STOCK_UNCLASSIFIED,Pengembangan,10 Des 2013,,2026-08-27
IMPC,Impack Pratama Industri Tbk.,,,ACTIVE,COMMON_STOCK_UNCLASSIFIED,Utama,17 Des 2014,,2026-08-27
INAF,Indofarma Tbk.,,,ACTIVE,COMMON_STOCK_UNCLASSIFIED,Pemantauan Khusus,17 Apr 2001,,2026-08-27
INAI,Indal Aluminium Industry Tbk.,,,ACTIVE,COMMON_STOCK_UNCLASSIFIED,Pengembangan,05 Des 1994,,2026-08-27
INCI,Intanwijaya Internasional Tbk,,,ACTIVE,COMMON_STOCK_UNCLASSIFIED,Pengembangan,24 Jul 1990,,2026-08-27
INCO,Vale Indonesia Tbk.,,,ACTIVE,COMMON_STOCK_UNCLASSIFIED,Utama,16 Mei 1990,,2026-08-27
INDF,Indofood Sukses Makmur Tbk.,,,ACTIVE,COMMON_STOCK_UNCLASSIFIED,Utama,14 Jul 1994,,2026-08-27
INDR,Indo-Rama Synthetics Tbk.,,,ACTIVE,COMMON_STOCK_UNCLASSIFIED,Pengembangan,03 Agt 1990,,2026-08-27
INDS,Indospring Tbk.,,,ACTIVE,COMMON_STOCK_UNCLASSIFIED,Pengembangan,10 Agt 1990,,2026-08-27
INDX,Tanah Laut Tbk,,,ACTIVE,COMMON_STOCK_UNCLASSIFIED,Pengembangan,17 Mei 2001,,2026-08-27
INDY,Indika Energy Tbk.,,,ACTIVE,COMMON_STOCK_UNCLASSIFIED,Utama,11 Jun 2008,,2026-08-27
INKP,Indah Kiat Pulp & Paper Tbk.,,,ACTIVE,COMMON_STOCK_UNCLASSIFIED,Utama,16 Jul 1990,,2026-08-27
INPC,Bank Artha Graha Internasional,,,ACTIVE,COMMON_STOCK_UNCLASSIFIED,Utama,23 Agt 1990,,2026-08-27
INPP,Indonesian Paradise Property T,,,ACTIVE,COMMON_STOCK_UNCLASSIFIED,Pengembangan,12 Jan 2004,,2026-08-27
INRU,Toba Pulp Lestari Tbk.,,,ACTIVE,COMMON_STOCK_UNCLASSIFIED,Pemantauan Khusus,18 Jun 1990,,2026-08-27
INTA,Intraco Penta Tbk.,,,ACTIVE,COMMON_STOCK_UNCLASSIFIED,Pemantauan Khusus,23 Agt 1993,,2026-08-27
INTD,Inter Delta Tbk,,,ACTIVE,COMMON_STOCK_UNCLASSIFIED,Pengembangan,18 Des 1989,,2026-08-27
INTP,Indocement Tunggal Prakarsa Tb,,,ACTIVE,COMMON_STOCK_UNCLASSIFIED,Utama,05 Des 1989,,2026-08-27
IPOL,Indopoly Swakarsa Industry Tbk,,,ACTIVE,COMMON_STOCK_UNCLASSIFIED,Pengembangan,09 Jul 2010,,2026-08-27
ISAT,Indosat Tbk.,,,ACTIVE,COMMON_STOCK_UNCLASSIFIED,Utama,19 Okt 1994,,2026-08-27
ISSP,Steel Pipe Industry of Indones,,,ACTIVE,COMMON_STOCK_UNCLASSIFIED,Utama,22 Feb 2013,,2026-08-27
ITMA,Sumber Energi Andalan Tbk.,,,ACTIVE,COMMON_STOCK_UNCLASSIFIED,Pengembangan,10 Des 1990,,2026-08-27
ITMG,Indo Tambangraya Megah Tbk.,,,ACTIVE,COMMON_STOCK_UNCLASSIFIED,Utama,18 Des 2007,,2026-08-27
JAWA,Jaya Agra Wattie Tbk.,,,ACTIVE,COMMON_STOCK_UNCLASSIFIED,Pengembangan,30 Mei 2011,,2026-08-27
JECC,Jembo Cable Company Tbk.,,,ACTIVE,COMMON_STOCK_UNCLASSIFIED,Pengembangan,18 Nov 1992,,2026-08-27
JIHD,Jakarta International Hotels &,,,ACTIVE,COMMON_STOCK_UNCLASSIFIED,Utama,29 Feb 1984,,2026-08-27
JKON,Jaya Konstruksi Manggala Prata,,,ACTIVE,COMMON_STOCK_UNCLASSIFIED,Utama,04 Des 2007,,2026-08-27
JPFA,Japfa Comfeed Indonesia Tbk.,,,ACTIVE,COMMON_STOCK_UNCLASSIFIED,Utama,23 Okt 1989,,2026-08-27
JRPT,Jaya Real Property Tbk.,,,ACTIVE,COMMON_STOCK_UNCLASSIFIED,Utama,29 Jun 1994,,2026-08-27
JSMR,Jasa Marga (Persero) Tbk.,,,ACTIVE,COMMON_STOCK_UNCLASSIFIED,Utama,12 Nov 2007,,2026-08-27
JSPT,Jakarta Setiabudi Internasiona,,,ACTIVE,COMMON_STOCK_UNCLASSIFIED,Utama,12 Jan 1998,,2026-08-27
JTPE,Jasuindo Tiga Perkasa Tbk.,,,ACTIVE,COMMON_STOCK_UNCLASSIFIED,Utama,16 Apr 2002,,2026-08-27
KAEF,Kimia Farma (Persero) Tbk.,,,ACTIVE,COMMON_STOCK_UNCLASSIFIED,Pengembangan,04 Jul 2001,,2026-08-27
KARW,Meratus Jasa Prima Tbk.,,,ACTIVE,COMMON_STOCK_UNCLASSIFIED,Pemantauan Khusus,20 Des 1994,,2026-08-27
KBLI,KMI Wire & Cable Tbk.,,,ACTIVE,COMMON_STOCK_UNCLASSIFIED,Utama,06 Jul 1992,,2026-08-27
KBLM,Kabelindo Murni Tbk.,,,ACTIVE,COMMON_STOCK_UNCLASSIFIED,Pengembangan,01 Jun 1992,,2026-08-27
KBLV,First Media Tbk.,,,ACTIVE,COMMON_STOCK_UNCLASSIFIED,Pengembangan,25 Feb 2000,,2026-08-27
KBRI,Kertas Basuki Rachmat Indonesi,,,ACTIVE,COMMON_STOCK_UNCLASSIFIED,Pemantauan Khusus,11 Jul 2008,,2026-08-27
KDSI,Kedawung Setia Industrial Tbk.,,,ACTIVE,COMMON_STOCK_UNCLASSIFIED,Pengembangan,29 Jul 1996,,2026-08-27
KIAS,Keramika Indonesia Assosiasi T,,,ACTIVE,COMMON_STOCK_UNCLASSIFIED,Pemantauan Khusus,08 Des 1994,,2026-08-27
KICI,Kedaung Indah Can Tbk,,,ACTIVE,COMMON_STOCK_UNCLASSIFIED,Pengembangan,28 Okt 1993,,2026-08-27
KIJA,Kawasan Industri Jababeka Tbk.,,,ACTIVE,COMMON_STOCK_UNCLASSIFIED,Utama,10 Jan 1995,,2026-08-27
KKGI,Resource Alam Indonesia Tbk.,,,ACTIVE,COMMON_STOCK_UNCLASSIFIED,Utama,01 Jul 1991,,2026-08-27
KLBF,Kalbe Farma Tbk.,,,ACTIVE,COMMON_STOCK_UNCLASSIFIED,Utama,30 Jul 1991,,2026-08-27
KOBX,Kobexindo Tractors Tbk.,,,ACTIVE,COMMON_STOCK_UNCLASSIFIED,Pengembangan,05 Jul 2012,,2026-08-27
KOIN,Kokoh Inti Arebama Tbk,,,ACTIVE,COMMON_STOCK_UNCLASSIFIED,Pemantauan Khusus,09 Apr 2008,,2026-08-27
KONI,Perdana Bangun Pusaka Tbk,,,ACTIVE,COMMON_STOCK_UNCLASSIFIED,Pengembangan,22 Agt 1995,,2026-08-27
KOPI,Mitra Energi Persada Tbk.,,,ACTIVE,COMMON_STOCK_UNCLASSIFIED,Pengembangan,04 Mei 2015,,2026-08-27
KPIG,MNC Tourism Indonesia Tbk.,,,ACTIVE,COMMON_STOCK_UNCLASSIFIED,Utama,30 Mar 2000,,2026-08-27
KRAS,Krakatau Steel (Persero) Tbk.,,,ACTIVE,COMMON_STOCK_UNCLASSIFIED,Pengembangan,10 Nov 2010,,2026-08-27
KREN,Quantum Clovera Investama Tbk.,,,ACTIVE,COMMON_STOCK_UNCLASSIFIED,Pemantauan Khusus,28 Jun 2002,,2026-08-27
LAPD,Leyand International Tbk.,,,ACTIVE,COMMON_STOCK_UNCLASSIFIED,Pengembangan,17 Jul 2001,,2026-08-27
LCGP,Eureka Prima Jakarta Tbk.,,,ACTIVE,COMMON_STOCK_UNCLASSIFIED,Pemantauan Khusus,13 Jul 2007,,2026-08-27
LEAD,Logindo Samudramakmur Tbk.,,,ACTIVE,COMMON_STOCK_UNCLASSIFIED,Pengembangan,11 Des 2013,,2026-08-27
LINK,Link Net Tbk.,,,ACTIVE,COMMON_STOCK_UNCLASSIFIED,Pengembangan,02 Jun 2014,,2026-08-27
LION,Lion Metal Works Tbk.,,,ACTIVE,COMMON_STOCK_UNCLASSIFIED,Pengembangan,20 Agt 1993,,2026-08-27
LMAS,Limas Indonesia Makmur Tbk,,,ACTIVE,COMMON_STOCK_UNCLASSIFIED,Pemantauan Khusus,28 Des 2001,,2026-08-27
LMPI,Langgeng Makmur Industri Tbk.,,,ACTIVE,COMMON_STOCK_UNCLASSIFIED,Pengembangan,17 Okt 1994,,2026-08-27
LMSH,Lionmesh Prima Tbk.,,,ACTIVE,COMMON_STOCK_UNCLASSIFIED,Pemantauan Khusus,04 Jun 1990,,2026-08-27
LPCK,Lippo Cikarang Tbk,,,ACTIVE,COMMON_STOCK_UNCLASSIFIED,Utama,24 Jul 1997,,2026-08-27
LPGI,Lippo General Insurance Tbk.,,,ACTIVE,COMMON_STOCK_UNCLASSIFIED,Pengembangan,22 Jul 1997,,2026-08-27
LPIN,Multi Prima Sejahtera Tbk,,,ACTIVE,COMMON_STOCK_UNCLASSIFIED,Pengembangan,05 Feb 1990,,2026-08-27
LPKR,Lippo Karawaci Tbk.,,,ACTIVE,COMMON_STOCK_UNCLASSIFIED,Utama,28 Jun 1996,,2026-08-27
LPLI,Star Pacific Tbk,,,ACTIVE,COMMON_STOCK_UNCLASSIFIED,Pengembangan,23 Okt 1989,,2026-08-27
LPPF,MDS Retailing Tbk.,,,ACTIVE,COMMON_STOCK_UNCLASSIFIED,Utama,09 Okt 1989,,2026-08-27
LPPS,Lenox Pasifik Investama Tbk.,,,ACTIVE,COMMON_STOCK_UNCLASSIFIED,Pengembangan,28 Mar 1994,,2026-08-27
LRNA,Eka Sari Lorena Transport Tbk.,,,ACTIVE,COMMON_STOCK_UNCLASSIFIED,Pengembangan,15 Apr 2014,,2026-08-27
LSIP,PP London Sumatra Indonesia Tb,,,ACTIVE,COMMON_STOCK_UNCLASSIFIED,Utama,05 Jul 1996,,2026-08-27
LTLS,Lautan Luas Tbk.,,,ACTIVE,COMMON_STOCK_UNCLASSIFIED,Utama,21 Jul 1997,,2026-08-27
MAGP,Multi Agro Gemilang Plantation,,,ACTIVE,COMMON_STOCK_UNCLASSIFIED,Pemantauan Khusus,16 Jan 2013,,2026-08-27
MAIN,Malindo Feedmill Tbk.,,,ACTIVE,COMMON_STOCK_UNCLASSIFIED,Utama,10 Feb 2006,,2026-08-27
MAPI,Mitra Adiperkasa Tbk.,,,ACTIVE,COMMON_STOCK_UNCLASSIFIED,Utama,10 Nov 2004,,2026-08-27
MAYA,Bank Mayapada Internasional Tb,,,ACTIVE,COMMON_STOCK_UNCLASSIFIED,Utama,29 Agt 1997,,2026-08-27
MBAP,Mitrabara Adiperdana Tbk.,,,ACTIVE,COMMON_STOCK_UNCLASSIFIED,Pengembangan,10 Jul 2014,,2026-08-27
MBSS,Mitrabahtera Segara Sejati Tbk,,,ACTIVE,COMMON_STOCK_UNCLASSIFIED,Utama,06 Apr 2011,,2026-08-27
MBTO,Martina Berto Tbk.,,,ACTIVE,COMMON_STOCK_UNCLASSIFIED,Pengembangan,13 Jan 2011,,2026-08-27
MCOR,Bank China Construction Bank I,,,ACTIVE,COMMON_STOCK_UNCLASSIFIED,Utama,03 Jul 2007,,2026-08-27
MDIA,Intermedia Capital Tbk.,,,ACTIVE,COMMON_STOCK_UNCLASSIFIED,Pemantauan Khusus,11 Apr 2014,,2026-08-27
MDKA,Merdeka Copper Gold Tbk.,,,ACTIVE,COMMON_STOCK_UNCLASSIFIED,Utama,19 Jun 2015,,2026-08-27
MDLN,Modernland Realty Tbk.,,,ACTIVE,COMMON_STOCK_UNCLASSIFIED,Pengembangan,18 Jan 1993,,2026-08-27
MDRN,Modern Internasional Tbk.,,,ACTIVE,COMMON_STOCK_UNCLASSIFIED,Pemantauan Khusus,16 Jul 1991,,2026-08-27
MEDC,Medco Energi Internasional Tbk,,,ACTIVE,COMMON_STOCK_UNCLASSIFIED,Utama,12 Okt 1994,,2026-08-27
MEGA,Bank Mega Tbk.,,,ACTIVE,COMMON_STOCK_UNCLASSIFIED,Utama,17 Apr 2000,,2026-08-27
MERK,Merck Tbk.,,,ACTIVE,COMMON_STOCK_UNCLASSIFIED,Utama,23 Jul 1981,,2026-08-27
META,Nusantara Infrastructure Tbk.,,,ACTIVE,COMMON_STOCK_UNCLASSIFIED,Pengembangan,18 Jul 2001,,2026-08-27
MFMI,Multifiling Mitra Indonesia Tb,,,ACTIVE,COMMON_STOCK_UNCLASSIFIED,Pemantauan Khusus,29 Des 2010,,2026-08-27
MGNA,Magna Investama Mandiri Tbk.,,,ACTIVE,COMMON_STOCK_UNCLASSIFIED,Pengembangan,08 Jul 2014,,2026-08-27
MICE,Multi Indocitra Tbk.,,,ACTIVE,COMMON_STOCK_UNCLASSIFIED,Pengembangan,21 Des 2005,,2026-08-27
MIDI,Midi Utama Indonesia Tbk.,,,ACTIVE,COMMON_STOCK_UNCLASSIFIED,Utama,30 Nov 2010,,2026-08-27
MIKA,Mitra Keluarga Karyasehat Tbk.,,,ACTIVE,COMMON_STOCK_UNCLASSIFIED,Utama,24 Mar 2015,,2026-08-27
MIRA,Mitra International Resources,,,ACTIVE,COMMON_STOCK_UNCLASSIFIED,Pemantauan Khusus,30 Jan 1997,,2026-08-27
MITI,Mitra Investindo Tbk.,,,ACTIVE,COMMON_STOCK_UNCLASSIFIED,Pengembangan,16 Jul 1997,,2026-08-27
MKPI,Metropolitan Kentjana Tbk.,,,ACTIVE,COMMON_STOCK_UNCLASSIFIED,Pengembangan,10 Jul 2009,,2026-08-27
MLBI,Multi Bintang Indonesia Tbk.,,,ACTIVE,COMMON_STOCK_UNCLASSIFIED,Utama,15 Des 1981,,2026-08-27
MLIA,Mulia Industrindo Tbk,,,ACTIVE,COMMON_STOCK_UNCLASSIFIED,Pemantauan Khusus,17 Jan 1994,,2026-08-27
MLPL,Multipolar Tbk.,,,ACTIVE,COMMON_STOCK_UNCLASSIFIED,Utama,06 Nov 1989,,2026-08-27
MLPT,Multipolar Technology Tbk.,,,ACTIVE,COMMON_STOCK_UNCLASSIFIED,Pengembangan,08 Jul 2013,,2026-08-27
MMLP,Mega Manunggal Property Tbk.,,,ACTIVE,COMMON_STOCK_UNCLASSIFIED,Pengembangan,12 Jun 2015,,2026-08-27
MNCN,Media Nusantara Citra Tbk.,,,ACTIVE,COMMON_STOCK_UNCLASSIFIED,Utama,22 Jun 2007,,2026-08-27
MPMX,Mitra Pinasthika Mustika Tbk.,,,ACTIVE,COMMON_STOCK_UNCLASSIFIED,Utama,29 Mei 2013,,2026-08-27
MPPA,Matahari Putra Prima Tbk.,,,ACTIVE,COMMON_STOCK_UNCLASSIFIED,Pemantauan Khusus,21 Des 1992,,2026-08-27
MRAT,Mustika Ratu Tbk.,,,ACTIVE,COMMON_STOCK_UNCLASSIFIED,Pengembangan,27 Jul 1995,,2026-08-27
MREI,Maskapai Reasuransi Indonesia,,,ACTIVE,COMMON_STOCK_UNCLASSIFIED,Pengembangan,04 Sep 1989,,2026-08-27
MSKY,MNC Sky Vision Tbk.,,,ACTIVE,COMMON_STOCK_UNCLASSIFIED,Pengembangan,09 Jul 2012,,2026-08-27
MTDL,Metrodata Electronics Tbk.,,,ACTIVE,COMMON_STOCK_UNCLASSIFIED,Utama,09 Apr 1990,,2026-08-27
MTFN,Capitalinc Investment Tbk.,,,ACTIVE,COMMON_STOCK_UNCLASSIFIED,Pemantauan Khusus,16 Apr 1990,,2026-08-27
MTLA,Metropolitan Land Tbk.,,,ACTIVE,COMMON_STOCK_UNCLASSIFIED,Utama,20 Jun 2011,,2026-08-27
MTSM,Metro Realty Tbk.,,,ACTIVE,COMMON_STOCK_UNCLASSIFIED,Pemantauan Khusus,08 Jan 1992,,2026-08-27
MYOH,Samindo Resources Tbk.,,,ACTIVE,COMMON_STOCK_UNCLASSIFIED,Pengembangan,27 Jul 2000,,2026-08-27
MYOR,Mayora Indah Tbk.,,,ACTIVE,COMMON_STOCK_UNCLASSIFIED,Utama,04 Jul 1990,,2026-08-27
MYTX,Asia Pacific Investama Tbk.,,,ACTIVE,COMMON_STOCK_UNCLASSIFIED,Pemantauan Khusus,10 Okt 1989,,2026-08-27
NELY,Pelayaran Nelly Dwi Putri Tbk.,,,ACTIVE,COMMON_STOCK_UNCLASSIFIED,Pengembangan,11 Okt 2012,,2026-08-27
NIKL,Pelat Timah Nusantara Tbk.,,,ACTIVE,COMMON_STOCK_UNCLASSIFIED,Pengembangan,14 Des 2009,,2026-08-27
NIRO,City Retail Developments Tbk.,,,ACTIVE,COMMON_STOCK_UNCLASSIFIED,Pengembangan,13 Sep 2012,,2026-08-27
NISP,Bank OCBC NISP Tbk.,,,ACTIVE,COMMON_STOCK_UNCLASSIFIED,Utama,20 Okt 1994,,2026-08-27
NOBU,Bank Nationalnobu Tbk.,,,ACTIVE,COMMON_STOCK_UNCLASSIFIED,Utama,20 Mei 2013,,2026-08-27
NRCA,Nusa Raya Cipta Tbk.,,,ACTIVE,COMMON_STOCK_UNCLASSIFIED,Pengembangan,27 Jun 2013,,2026-08-27
OCAP,Onix Capital Tbk.,,,ACTIVE,COMMON_STOCK_UNCLASSIFIED,Pemantauan Khusus,10 Okt 2003,,2026-08-27
OKAS,Ancora Indonesia Resources Tbk,,,ACTIVE,COMMON_STOCK_UNCLASSIFIED,Pengembangan,29 Mar 2006,,2026-08-27
OMRE,Indonesia Prima Property Tbk,,,ACTIVE,COMMON_STOCK_UNCLASSIFIED,Pengembangan,22 Agt 1994,,2026-08-27
PADI,Minna Padi Investama Sekuritas,,,ACTIVE,COMMON_STOCK_UNCLASSIFIED,Utama,09 Jan 2012,,2026-08-27
PALM,Provident Investasi Bersama Tb,,,ACTIVE,COMMON_STOCK_UNCLASSIFIED,Utama,08 Okt 2012,,2026-08-27
PANR,Panorama Sentrawisata Tbk.,,,ACTIVE,COMMON_STOCK_UNCLASSIFIED,Pengembangan,18 Sep 2001,,2026-08-27
PANS,Panin Sekuritas Tbk.,,,ACTIVE,COMMON_STOCK_UNCLASSIFIED,Utama,31 Mei 2000,,2026-08-27
PBRX,Pan Brothers Tbk.,,,ACTIVE,COMMON_STOCK_UNCLASSIFIED,Pemantauan Khusus,16 Agt 1990,,2026-08-27
PDES,Destinasi Tirta Nusantara Tbk,,,ACTIVE,COMMON_STOCK_UNCLASSIFIED,Pengembangan,08 Jul 2008,,2026-08-27
PEGE,Panca Global Kapital Tbk.,,,ACTIVE,COMMON_STOCK_UNCLASSIFIED,Pengembangan,24 Jun 2005,,2026-08-27
PGAS,Perusahaan Gas Negara (Persero,,,ACTIVE,COMMON_STOCK_UNCLASSIFIED,Utama,15 Des 2003,,2026-08-27
PGLI,Pembangunan Graha Lestari Inda,,,ACTIVE,COMMON_STOCK_UNCLASSIFIED,Pengembangan,05 Apr 2000,,2026-08-27
PICO,Pelangi Indah Canindo Tbk,,,ACTIVE,COMMON_STOCK_UNCLASSIFIED,Pengembangan,23 Sep 1996,,2026-08-27
PJAA,Pembangunan Jaya Ancol Tbk.,,,ACTIVE,COMMON_STOCK_UNCLASSIFIED,Pengembangan,02 Jul 2004,,2026-08-27
PKPK,Paragon Karya Perkasa Tbk.,,,ACTIVE,COMMON_STOCK_UNCLASSIFIED,Pengembangan,11 Jul 2007,,2026-08-27
PLAS,Polaris Investama Tbk,,,ACTIVE,COMMON_STOCK_UNCLASSIFIED,Pemantauan Khusus,16 Mar 2001,,2026-08-27
PLIN,Plaza Indonesia Realty Tbk.,,,ACTIVE,COMMON_STOCK_UNCLASSIFIED,Pemantauan Khusus,15 Jun 1992,,2026-08-27
PNBN,Bank Pan Indonesia Tbk,,,ACTIVE,COMMON_STOCK_UNCLASSIFIED,Utama,29 Des 1982,,2026-08-27
PNBS,Bank Panin Dubai Syariah Tbk.,,,ACTIVE,COMMON_STOCK_UNCLASSIFIED,Pengembangan,15 Jan 2014,,2026-08-27
PNIN,Paninvest Tbk.,,,ACTIVE,COMMON_STOCK_UNCLASSIFIED,Utama,20 Sep 1983,,2026-08-27
PNLF,Panin Financial Tbk.,,,ACTIVE,COMMON_STOCK_UNCLASSIFIED,Utama,14 Jun 1983,,2026-08-27
PNSE,Pudjiadi & Sons Tbk.,,,ACTIVE,COMMON_STOCK_UNCLASSIFIED,Pengembangan,01 Mei 1990,,2026-08-27
POLY,Asia Pacific Fibers Tbk,,,ACTIVE,COMMON_STOCK_UNCLASSIFIED,Pemantauan Khusus,12 Mar 1991,,2026-08-27
POOL,Pool Advista Indonesia Tbk.,,,ACTIVE,COMMON_STOCK_UNCLASSIFIED,Pemantauan Khusus,20 Mei 1991,,2026-08-27
PPRO,PP Properti Tbk.,,,ACTIVE,COMMON_STOCK_UNCLASSIFIED,Pemantauan Khusus,19 Mei 2015,,2026-08-27
PSAB,J Resources Asia Pasifik Tbk.,,,ACTIVE,COMMON_STOCK_UNCLASSIFIED,Pengembangan,22 Apr 2003,,2026-08-27
PSDN,Prasidha Aneka Niaga Tbk,,,ACTIVE,COMMON_STOCK_UNCLASSIFIED,Pengembangan,18 Okt 1994,,2026-08-27
PSKT,Red Planet Indonesia Tbk.,,,ACTIVE,COMMON_STOCK_UNCLASSIFIED,Pengembangan,19 Sep 1995,,2026-08-27
PTBA,Bukit Asam (Persero) Tbk.,,,ACTIVE,COMMON_STOCK_UNCLASSIFIED,Utama,23 Des 2002,,2026-08-27
PTIS,Indo Straits Tbk.,,,ACTIVE,COMMON_STOCK_UNCLASSIFIED,Pengembangan,12 Jul 2011,,2026-08-27
PTPP,PP (Persero) Tbk.,,,ACTIVE,COMMON_STOCK_UNCLASSIFIED,Utama,09 Feb 2010,,2026-08-27
PTRO,Petrosea Tbk.,,,ACTIVE,COMMON_STOCK_UNCLASSIFIED,Utama,21 Mei 1990,,2026-08-27
PTSN,Sat Nusapersada Tbk,,,ACTIVE,COMMON_STOCK_UNCLASSIFIED,Pengembangan,08 Nov 2007,,2026-08-27
PTSP,Pioneerindo Gourmet Internatio,,,ACTIVE,COMMON_STOCK_UNCLASSIFIED,Pengembangan,30 Mei 1994,,2026-08-27
PUDP,Pudjiadi Prestige Tbk.,,,ACTIVE,COMMON_STOCK_UNCLASSIFIED,Pengembangan,18 Nov 1994,,2026-08-27
PWON,Pakuwon Jati Tbk.,,,ACTIVE,COMMON_STOCK_UNCLASSIFIED,Utama,09 Okt 1989,,2026-08-27
PYFA,Pyridam Farma Tbk,,,ACTIVE,COMMON_STOCK_UNCLASSIFIED,Pengembangan,16 Okt 2001,,2026-08-27
RAJA,Rukun Raharja Tbk.,,,ACTIVE,COMMON_STOCK_UNCLASSIFIED,Utama,19 Apr 2006,,2026-08-27
RALS,Ramayana Lestari Sentosa Tbk.,,,ACTIVE,COMMON_STOCK_UNCLASSIFIED,Utama,24 Jul 1996,,2026-08-27
RANC,Supra Boga Lestari Tbk.,,,ACTIVE,COMMON_STOCK_UNCLASSIFIED,Pengembangan,07 Jun 2012,,2026-08-27
RBMS,Ristia Bintang Mahkotasejati T,,,ACTIVE,COMMON_STOCK_UNCLASSIFIED,Pengembangan,19 Des 1997,,2026-08-27
RDTX,Roda Vivatex Tbk,,,ACTIVE,COMMON_STOCK_UNCLASSIFIED,Pengembangan,14 Mei 1990,,2026-08-27
RELI,Reliance Sekuritas Indonesia T,,,ACTIVE,COMMON_STOCK_UNCLASSIFIED,Pengembangan,13 Jul 2005,,2026-08-27
RICY,Ricky Putra Globalindo Tbk,,,ACTIVE,COMMON_STOCK_UNCLASSIFIED,Pengembangan,22 Jan 1998,,2026-08-27
RIGS,Rig Tenders Indonesia Tbk.,,,ACTIVE,COMMON_STOCK_UNCLASSIFIED,Pengembangan,05 Mar 1990,,2026-08-27
RIMO,Rimo International Lestari Tbk,,,ACTIVE,COMMON_STOCK_UNCLASSIFIED,Pemantauan Khusus,10 Nov 2000,,2026-08-27
RODA,Pikko Land Development Tbk.,,,ACTIVE,COMMON_STOCK_UNCLASSIFIED,Pengembangan,22 Okt 2001,,2026-08-27
ROTI,Nippon Indosari Corpindo Tbk.,,,ACTIVE,COMMON_STOCK_UNCLASSIFIED,Pengembangan,28 Jun 2010,,2026-08-27
RUIS,Radiant Utama Interinsco Tbk.,,,ACTIVE,COMMON_STOCK_UNCLASSIFIED,Pengembangan,12 Jul 2006,,2026-08-27
SAFE,Steady Safe Tbk,,,ACTIVE,COMMON_STOCK_UNCLASSIFIED,Pengembangan,15 Agt 1994,,2026-08-27
SAME,Sarana Meditama Metropolitan T,,,ACTIVE,COMMON_STOCK_UNCLASSIFIED,Utama,11 Jan 2013,,2026-08-27
SCCO,Supreme Cable Manufacturing &,,,ACTIVE,COMMON_STOCK_UNCLASSIFIED,Pengembangan,20 Jul 1982,,2026-08-27
SCMA,Surya Citra Media Tbk.,,,ACTIVE,COMMON_STOCK_UNCLASSIFIED,Utama,16 Jul 2002,,2026-08-27
SCPI,Organon Pharma Indonesia Tbk.,,,ACTIVE,COMMON_STOCK_UNCLASSIFIED,Pemantauan Khusus,08 Jun 1990,,2026-08-27
SDMU,Sidomulyo Selaras Tbk.,,,ACTIVE,COMMON_STOCK_UNCLASSIFIED,Pengembangan,12 Jul 2011,,2026-08-27
SDPC,Millennium Pharmacon Internati,,,ACTIVE,COMMON_STOCK_UNCLASSIFIED,Pengembangan,07 Mei 1990,,2026-08-27
SDRA,Bank Woori Saudara Indonesia 1,,,ACTIVE,COMMON_STOCK_UNCLASSIFIED,Pengembangan,15 Des 2006,,2026-08-27
SGRO,Prime Agri Resources Tbk.,,,ACTIVE,COMMON_STOCK_UNCLASSIFIED,Utama,18 Jun 2007,,2026-08-27
SHID,Hotel Sahid Jaya International,,,ACTIVE,COMMON_STOCK_UNCLASSIFIED,Pengembangan,08 Mei 1990,,2026-08-27
SIDO,Industri Jamu dan Farmasi Sido,,,ACTIVE,COMMON_STOCK_UNCLASSIFIED,Utama,18 Des 2013,,2026-08-27
SILO,Siloam International Hospitals,,,ACTIVE,COMMON_STOCK_UNCLASSIFIED,Utama,12 Sep 2013,,2026-08-27
SIMA,Siwani Makmur Tbk,,,ACTIVE,COMMON_STOCK_UNCLASSIFIED,Pemantauan Khusus,03 Jun 1994,,2026-08-27
SIMP,Salim Ivomas Pratama Tbk.,,,ACTIVE,COMMON_STOCK_UNCLASSIFIED,Utama,09 Jun 2011,,2026-08-27
SIPD,Sreeya Sewu Indonesia Tbk.,,,ACTIVE,COMMON_STOCK_UNCLASSIFIED,Pengembangan,27 Des 1996,,2026-08-27
SKBM,Sekar Bumi Tbk.,,,ACTIVE,COMMON_STOCK_UNCLASSIFIED,Pengembangan,28 Sep 2012,,2026-08-27
SKLT,Sekar Laut Tbk.,,,ACTIVE,COMMON_STOCK_UNCLASSIFIED,Pengembangan,08 Sep 1993,,2026-08-27
SKYB,Northcliff Citranusa Indonesia,,,ACTIVE,COMMON_STOCK_UNCLASSIFIED,Pemantauan Khusus,07 Jul 2010,,2026-08-27
SMAR,Sinar Mas Agro Resources and T,,,ACTIVE,COMMON_STOCK_UNCLASSIFIED,Utama,20 Nov 1992,,2026-08-27
SMBR,Semen Baturaja (Persero) Tbk.,,,ACTIVE,COMMON_STOCK_UNCLASSIFIED,Utama,28 Jun 2013,,2026-08-27
SMCB,Solusi Bangun Indonesia Tbk.,,,ACTIVE,COMMON_STOCK_UNCLASSIFIED,Pemantauan Khusus,10 Agt 1977,,2026-08-27
SMDM,Suryamas Dutamakmur Tbk.,,,ACTIVE,COMMON_STOCK_UNCLASSIFIED,Pengembangan,12 Okt 1995,,2026-08-27
SMDR,Samudera Indonesia  Tbk.,,,ACTIVE,COMMON_STOCK_UNCLASSIFIED,Utama,05 Jul 1999,,2026-08-27
SMGR,Semen Indonesia (Persero) Tbk.,,,ACTIVE,COMMON_STOCK_UNCLASSIFIED,Utama,08 Jul 1991,,2026-08-27
SMMA,Sinarmas Multiartha Tbk.,,,ACTIVE,COMMON_STOCK_UNCLASSIFIED,Pengembangan,05 Jul 1995,,2026-08-27
SMMT,Golden Eagle Energy Tbk.,,,ACTIVE,COMMON_STOCK_UNCLASSIFIED,Pengembangan,01 Des 1997,,2026-08-27
SMRA,Summarecon Agung Tbk.,,,ACTIVE,COMMON_STOCK_UNCLASSIFIED,Utama,07 Mei 1990,,2026-08-27
SMRU,SMR Utama Tbk.,,,ACTIVE,COMMON_STOCK_UNCLASSIFIED,Pemantauan Khusus,10 Okt 2011,,2026-08-27
SMSM,Selamat Sempurna Tbk.,,,ACTIVE,COMMON_STOCK_UNCLASSIFIED,Utama,09 Sep 1996,,2026-08-27
SOCI,Soechi Lines Tbk.,,,ACTIVE,COMMON_STOCK_UNCLASSIFIED,Pengembangan,03 Des 2014,,2026-08-27
SONA,Sona Topas Tourism Industry Tb,,,ACTIVE,COMMON_STOCK_UNCLASSIFIED,Pemantauan Khusus,21 Jul 1992,,2026-08-27
SPMA,Suparma Tbk.,,,ACTIVE,COMMON_STOCK_UNCLASSIFIED,Pengembangan,16 Nov 1994,,2026-08-27
SQMI,Wilton Makmur Indonesia Tbk.,,,ACTIVE,COMMON_STOCK_UNCLASSIFIED,Pengembangan,15 Jul 2004,,2026-08-27
SRAJ,Sejahteraraya Anugrahjaya Tbk.,,,ACTIVE,COMMON_STOCK_UNCLASSIFIED,Pengembangan,11 Apr 2011,,2026-08-27
SRIL,Sri Rejeki Isman Tbk.,,,ACTIVE,COMMON_STOCK_UNCLASSIFIED,Pemantauan Khusus,17 Jun 2013,,2026-08-27
SRSN,Indo Acidatama Tbk,,,ACTIVE,COMMON_STOCK_UNCLASSIFIED,Pengembangan,11 Jan 1993,,2026-08-27
SRTG,Saratoga Investama Sedaya Tbk.,,,ACTIVE,COMMON_STOCK_UNCLASSIFIED,Utama,26 Jun 2013,,2026-08-27
SSIA,Surya Semesta Internusa Tbk.,,,ACTIVE,COMMON_STOCK_UNCLASSIFIED,Utama,27 Mar 1997,,2026-08-27
SSMS,Sawit Sumbermas Sarana Tbk.,,,ACTIVE,COMMON_STOCK_UNCLASSIFIED,Utama,12 Des 2013,,2026-08-27
SSTM,Sunson Textile Manufacture Tbk,,,ACTIVE,COMMON_STOCK_UNCLASSIFIED,Pengembangan,20 Agt 1997,,2026-08-27
STAR,Calculus Global Ventures Tbk.,,,ACTIVE,COMMON_STOCK_UNCLASSIFIED,Pengembangan,13 Jul 2011,,2026-08-27
STTP,Siantar Top Tbk.,,,ACTIVE,COMMON_STOCK_UNCLASSIFIED,Pengembangan,16 Des 1996,,2026-08-27
SUGI,Sugih Energy Tbk.,,,ACTIVE,COMMON_STOCK_UNCLASSIFIED,Pemantauan Khusus,19 Jun 2002,,2026-08-27
SULI,SLJ Global Tbk.,,,ACTIVE,COMMON_STOCK_UNCLASSIFIED,Pengembangan,21 Mar 1994,,2026-08-27
SUPR,Solusi Tunas Pratama Tbk.,,,ACTIVE,COMMON_STOCK_UNCLASSIFIED,Pemantauan Khusus,11 Okt 2011,,2026-08-27
TALF,Tunas Alfin Tbk.,,,ACTIVE,COMMON_STOCK_UNCLASSIFIED,Pengembangan,17 Jan 2014,,2026-08-27
TARA,Agung Semesta Sejahtera Tbk.,,,ACTIVE,COMMON_STOCK_UNCLASSIFIED,Pemantauan Khusus,11 Jul 2014,,2026-08-27
TAXI,Express Transindo Utama Tbk.,,,ACTIVE,COMMON_STOCK_UNCLASSIFIED,Pemantauan Khusus,02 Nov 2012,,2026-08-27
TBIG,Tower Bersama Infrastructure T,,,ACTIVE,COMMON_STOCK_UNCLASSIFIED,Utama,26 Okt 2010,,2026-08-27
TBLA,Tunas Baru Lampung Tbk.,,,ACTIVE,COMMON_STOCK_UNCLASSIFIED,Utama,14 Feb 2000,,2026-08-27
TBMS,Tembaga Mulia Semanan Tbk.,,,ACTIVE,COMMON_STOCK_UNCLASSIFIED,Pengembangan,23 Mei 1990,,2026-08-27
TCID,Mandom Indonesia Tbk.,,,ACTIVE,COMMON_STOCK_UNCLASSIFIED,Pengembangan,30 Sep 1993,,2026-08-27
TELE,Omni Inovasi Indonesia Tbk.,,,ACTIVE,COMMON_STOCK_UNCLASSIFIED,Pemantauan Khusus,12 Jan 2012,,2026-08-27
TFCO,Tifico Fiber Indonesia Tbk.,,,ACTIVE,COMMON_STOCK_UNCLASSIFIED,Pemantauan Khusus,26 Feb 1980,,2026-08-27
TGKA,Tigaraksa Satria Tbk.,,,ACTIVE,COMMON_STOCK_UNCLASSIFIED,Pengembangan,11 Jun 1990,,2026-08-27
TIFA,KDB Tifa Finance Tbk.,,,ACTIVE,COMMON_STOCK_UNCLASSIFIED,Pengembangan,08 Jul 2011,,2026-08-27
TINS,TIMAH (Persero) Tbk.,,,ACTIVE,COMMON_STOCK_UNCLASSIFIED,Utama,19 Okt 1995,,2026-08-27
TIRA,Tira Austenite Tbk,,,ACTIVE,COMMON_STOCK_UNCLASSIFIED,Pengembangan,27 Jul 1993,,2026-08-27
TIRT,Tirta Mahakam Resources Tbk,,,ACTIVE,COMMON_STOCK_UNCLASSIFIED,Pemantauan Khusus,13 Des 1999,,2026-08-27
TKIM,Pabrik Kertas Tjiwi Kimia Tbk.,,,ACTIVE,COMMON_STOCK_UNCLASSIFIED,Utama,03 Apr 1990,,2026-08-27
TLKM,Telkom Indonesia (Persero) Tbk,,,ACTIVE,COMMON_STOCK_UNCLASSIFIED,Utama,14 Nov 1995,,2026-08-27
TMAS,Temas Tbk.,,,ACTIVE,COMMON_STOCK_UNCLASSIFIED,Utama,09 Jul 2003,,2026-08-27
TMPO,Tempo Intimedia Tbk.,,,ACTIVE,COMMON_STOCK_UNCLASSIFIED,Pengembangan,08 Jan 2001,,2026-08-27
TOBA,TBS Energi Utama Tbk.,,,ACTIVE,COMMON_STOCK_UNCLASSIFIED,Utama,06 Jul 2012,,2026-08-27
TOTL,Total Bangun Persada Tbk.,,,ACTIVE,COMMON_STOCK_UNCLASSIFIED,Utama,25 Jul 2006,,2026-08-27
TOTO,Surya Toto Indonesia Tbk.,,,ACTIVE,COMMON_STOCK_UNCLASSIFIED,Utama,30 Okt 1990,,2026-08-27
TOWR,Sarana Menara Nusantara Tbk.,,,ACTIVE,COMMON_STOCK_UNCLASSIFIED,Utama,08 Mar 2010,,2026-08-27
TPIA,Chandra Asri Pacific Tbk.,,,ACTIVE,COMMON_STOCK_UNCLASSIFIED,Utama,26 Mei 2008,,2026-08-27
TPMA,Trans Power Marine Tbk.,,,ACTIVE,COMMON_STOCK_UNCLASSIFIED,Utama,20 Feb 2013,,2026-08-27
TRAM,Trada Alam Minera Tbk.,,,ACTIVE,COMMON_STOCK_UNCLASSIFIED,Pemantauan Khusus,10 Sep 2008,,2026-08-27
TRIL,Triwira Insanlestari Tbk.,,,ACTIVE,COMMON_STOCK_UNCLASSIFIED,Pemantauan Khusus,28 Jan 2008,,2026-08-27
TRIM,Trimegah Sekuritas Indonesia T,,,ACTIVE,COMMON_STOCK_UNCLASSIFIED,Utama,31 Jan 2000,,2026-08-27
TRIO,Trikomsel Oke Tbk.,,,ACTIVE,COMMON_STOCK_UNCLASSIFIED,Pemantauan Khusus,14 Apr 2009,,2026-08-27
TRIS,Trisula International Tbk.,,,ACTIVE,COMMON_STOCK_UNCLASSIFIED,Pengembangan,28 Jun 2012,,2026-08-27
TRST,Trias Sentosa Tbk.,,,ACTIVE,COMMON_STOCK_UNCLASSIFIED,Pengembangan,02 Jul 1990,,2026-08-27
TRUS,Trust Finance Indonesia Tbk,,,ACTIVE,COMMON_STOCK_UNCLASSIFIED,Pengembangan,28 Nov 2002,,2026-08-27
TSPC,Tempo Scan Pacific Tbk.,,,ACTIVE,COMMON_STOCK_UNCLASSIFIED,Utama,17 Jun 1994,,2026-08-27
ULTJ,Ultrajaya Milk Industry & Trad,,,ACTIVE,COMMON_STOCK_UNCLASSIFIED,Utama,02 Jul 1990,,2026-08-27
UNIC,Unggul Indah Cahaya Tbk.,,,ACTIVE,COMMON_STOCK_UNCLASSIFIED,Utama,06 Nov 1989,,2026-08-27
UNIT,Nusantara Inti Corpora Tbk,,,ACTIVE,COMMON_STOCK_UNCLASSIFIED,Pengembangan,18 Apr 2002,,2026-08-27
UNSP,Bakrie Sumatera Plantations Tb,,,ACTIVE,COMMON_STOCK_UNCLASSIFIED,Pemantauan Khusus,06 Mar 1990,,2026-08-27
UNTR,United Tractors Tbk.,,,ACTIVE,COMMON_STOCK_UNCLASSIFIED,Utama,19 Sep 1989,,2026-08-27
UNVR,Unilever Indonesia Tbk.,,,ACTIVE,COMMON_STOCK_UNCLASSIFIED,Utama,11 Jan 1982,,2026-08-27
VICO,Victoria Investama Tbk.,,,ACTIVE,COMMON_STOCK_UNCLASSIFIED,Utama,08 Jul 2013,,2026-08-27
VINS,Victoria Insurance Tbk.,,,ACTIVE,COMMON_STOCK_UNCLASSIFIED,Pengembangan,28 Sep 2015,,2026-08-27
VIVA,Visi Media Asia Tbk.,,,ACTIVE,COMMON_STOCK_UNCLASSIFIED,Pemantauan Khusus,21 Nov 2011,,2026-08-27
VOKS,Voksel Electric Tbk.,,,ACTIVE,COMMON_STOCK_UNCLASSIFIED,Pengembangan,20 Des 1990,,2026-08-27
VRNA,Mizuho Leasing Indonesia Tbk.,,,ACTIVE,COMMON_STOCK_UNCLASSIFIED,Pengembangan,25 Jun 2008,,2026-08-27
WAPO,Wahana Pronatural Tbk.,,,ACTIVE,COMMON_STOCK_UNCLASSIFIED,Pengembangan,22 Jun 2001,,2026-08-27
WEHA,WEHA Transportasi Indonesia Tb,,,ACTIVE,COMMON_STOCK_UNCLASSIFIED,Pengembangan,31 Mei 2007,,2026-08-27
WICO,Wicaksana Overseas Internation,,,ACTIVE,COMMON_STOCK_UNCLASSIFIED,Pemantauan Khusus,08 Agt 1994,,2026-08-27
WIIM,Wismilak Inti Makmur Tbk.,,,ACTIVE,COMMON_STOCK_UNCLASSIFIED,Utama,18 Des 2012,,2026-08-27
WIKA,Wijaya Karya (Persero) Tbk.,,,ACTIVE,COMMON_STOCK_UNCLASSIFIED,Pemantauan Khusus,29 Okt 2007,,2026-08-27
WINS,Wintermar Offshore Marine Tbk.,,,ACTIVE,COMMON_STOCK_UNCLASSIFIED,Utama,29 Nov 2010,,2026-08-27
WOMF,Wahana Ottomitra Multiartha Tb,,,ACTIVE,COMMON_STOCK_UNCLASSIFIED,Pengembangan,13 Des 2004,,2026-08-27
WSKT,Waskita Karya (Persero) Tbk.,,,ACTIVE,COMMON_STOCK_UNCLASSIFIED,Pemantauan Khusus,19 Des 2012,,2026-08-27
WTON,Wijaya Karya Beton Tbk.,,,ACTIVE,COMMON_STOCK_UNCLASSIFIED,Utama,08 Apr 2014,,2026-08-27
YPAS,Yanaprima Hastapersada Tbk,,,ACTIVE,COMMON_STOCK_UNCLASSIFIED,Pengembangan,05 Mar 2008,,2026-08-27
YULE,Yulie Sekuritas Indonesia Tbk.,,,ACTIVE,COMMON_STOCK_UNCLASSIFIED,Pengembangan,10 Des 2004,,2026-08-27
ZBRA,Dosni Roha Indonesia Tbk.,,,ACTIVE,COMMON_STOCK_UNCLASSIFIED,Pemantauan Khusus,01 Agt 1991,,2026-08-27
SHIP,Sillo Maritime Perdana Tbk.,,,ACTIVE,COMMON_STOCK_UNCLASSIFIED,Utama,16 Jun 2016,,2026-08-27
CASA,Capital Financial Indonesia Tb,,,ACTIVE,COMMON_STOCK_UNCLASSIFIED,Pengembangan,19 Jul 2016,,2026-08-27
DAYA,Duta Intidaya Tbk.,,,ACTIVE,COMMON_STOCK_UNCLASSIFIED,Pengembangan,28 Jun 2016,,2026-08-27
DPUM,Dua Putra Utama Makmur Tbk.,,,ACTIVE,COMMON_STOCK_UNCLASSIFIED,Pengembangan,08 Des 2015,,2026-08-27
IDPR,Indonesia Pondasi Raya Tbk.,,,ACTIVE,COMMON_STOCK_UNCLASSIFIED,Pengembangan,10 Des 2015,,2026-08-27
JGLE,Graha Andrasentra Propertindo,,,ACTIVE,COMMON_STOCK_UNCLASSIFIED,Pengembangan,29 Jun 2016,,2026-08-27
KINO,Kino Indonesia Tbk.,,,ACTIVE,COMMON_STOCK_UNCLASSIFIED,Pengembangan,11 Des 2015,,2026-08-27
MARI,Mahaka Radio Integra Tbk.,,,ACTIVE,COMMON_STOCK_UNCLASSIFIED,Pemantauan Khusus,11 Feb 2016,,2026-08-27
MKNT,Mitra Komunikasi Nusantara Tbk,,,ACTIVE,COMMON_STOCK_UNCLASSIFIED,Pemantauan Khusus,26 Okt 2015,,2026-08-27
MTRA,Mitra Pemuda Tbk.,,,ACTIVE,COMMON_STOCK_UNCLASSIFIED,Pemantauan Khusus,10 Feb 2016,,2026-08-27
OASA,Maharaksa Biru Energi Tbk.,,,ACTIVE,COMMON_STOCK_UNCLASSIFIED,Pengembangan,18 Jul 2016,,2026-08-27
POWR,Cikarang Listrindo Tbk.,,,ACTIVE,COMMON_STOCK_UNCLASSIFIED,Utama,14 Jun 2016,,2026-08-27
INCF,Indo Komoditi Korpora Tbk.,,,ACTIVE,COMMON_STOCK_UNCLASSIFIED,Pemantauan Khusus,06 Sep 2016,,2026-08-27
WSBP,Waskita Beton Precast Tbk.,,,ACTIVE,COMMON_STOCK_UNCLASSIFIED,Pemantauan Khusus,20 Sep 2016,,2026-08-27
PBSA,Paramita Bangun Sarana Tbk.,,,ACTIVE,COMMON_STOCK_UNCLASSIFIED,Pengembangan,28 Sep 2016,,2026-08-27
PRDA,Prodia Widyahusada Tbk.,,,ACTIVE,COMMON_STOCK_UNCLASSIFIED,Utama,07 Des 2016,,2026-08-27
BOGA,Apollo Global Interactive Tbk.,,,ACTIVE,COMMON_STOCK_UNCLASSIFIED,Pengembangan,19 Des 2016,,2026-08-27
BRIS,Bank Syariah Indonesia (Perser,,,ACTIVE,COMMON_STOCK_UNCLASSIFIED,Utama,09 Mei 2018,,2026-08-27
PORT,Nusantara Pelabuhan Handal Tbk,,,ACTIVE,COMMON_STOCK_UNCLASSIFIED,Utama,16 Mar 2017,,2026-08-27
CARS,Industri dan Perdagangan Bintr,,,ACTIVE,COMMON_STOCK_UNCLASSIFIED,Utama,10 Apr 2017,,2026-08-27
MINA,Sanurhasta Mitra Tbk.,,,ACTIVE,COMMON_STOCK_UNCLASSIFIED,Pengembangan,28 Apr 2017,,2026-08-27
CLEO,Sariguna Primatirta Tbk.,,,ACTIVE,COMMON_STOCK_UNCLASSIFIED,Utama,05 Mei 2017,,2026-08-27
TAMU,Pelayaran Tamarin Samudra Tbk.,,,ACTIVE,COMMON_STOCK_UNCLASSIFIED,Pemantauan Khusus,10 Mei 2017,,2026-08-27
CSIS,Cahayasakti Investindo Sukses,,,ACTIVE,COMMON_STOCK_UNCLASSIFIED,Pengembangan,10 Mei 2017,,2026-08-27
TGRA,Terregra Asia Energy Tbk.,,,ACTIVE,COMMON_STOCK_UNCLASSIFIED,Pemantauan Khusus,16 Mei 2017,,2026-08-27
FIRE,Alfa Energi Investama Tbk.,,,ACTIVE,COMMON_STOCK_UNCLASSIFIED,Pengembangan,09 Jun 2017,,2026-08-27
TOPS,Totalindo Eka Persada Tbk.,,,ACTIVE,COMMON_STOCK_UNCLASSIFIED,Pemantauan Khusus,16 Jun 2017,,2026-08-27
KMTR,Kirana Megatara Tbk.,,,ACTIVE,COMMON_STOCK_UNCLASSIFIED,Pengembangan,19 Jun 2017,,2026-08-27
ARMY,Armidian Karyatama Tbk.,,,ACTIVE,COMMON_STOCK_UNCLASSIFIED,Pemantauan Khusus,21 Jun 2017,,2026-08-27
MAPB,MAP Boga Adiperkasa Tbk.,,,ACTIVE,COMMON_STOCK_UNCLASSIFIED,Pemantauan Khusus,21 Jun 2017,,2026-08-27
WOOD,Integra Indocabinet Tbk.,,,ACTIVE,COMMON_STOCK_UNCLASSIFIED,Utama,21 Jun 2017,,2026-08-27
HRTA,Hartadinata Abadi Tbk.,,,ACTIVE,COMMON_STOCK_UNCLASSIFIED,Utama,21 Jun 2017,,2026-08-27
MABA,Marga Abhinaya Abadi Tbk.,,,ACTIVE,COMMON_STOCK_UNCLASSIFIED,Pemantauan Khusus,22 Jun 2017,,2026-08-27
HOKI,Buyung Poetra Sembada Tbk.,,,ACTIVE,COMMON_STOCK_UNCLASSIFIED,Pengembangan,22 Jun 2017,,2026-08-27
MPOW,Megapower Makmur Tbk.,,,ACTIVE,COMMON_STOCK_UNCLASSIFIED,Pengembangan,05 Jul 2017,,2026-08-27
MARK,Mark Dynamics Indonesia Tbk.,,,ACTIVE,COMMON_STOCK_UNCLASSIFIED,Utama,12 Jul 2017,,2026-08-27
NASA,Andalan Perkasa Abadi Tbk.,,,ACTIVE,COMMON_STOCK_UNCLASSIFIED,Pemantauan Khusus,07 Agt 2017,,2026-08-27
MDKI,Emdeki Utama Tbk.,,,ACTIVE,COMMON_STOCK_UNCLASSIFIED,Pengembangan,25 Sep 2017,,2026-08-27
BELL,Trisula Textile Industries Tbk,,,ACTIVE,COMMON_STOCK_UNCLASSIFIED,Pengembangan,03 Okt 2017,,2026-08-27
KIOS,Kioson Komersial Indonesia Tbk,,,ACTIVE,COMMON_STOCK_UNCLASSIFIED,Pengembangan,05 Okt 2017,,2026-08-27
GMFI,Garuda Maintenance Facility Ae,,,ACTIVE,COMMON_STOCK_UNCLASSIFIED,Pengembangan,10 Okt 2017,,2026-08-27
MTWI,Malacca Trust Wuwungan Insuran,,,ACTIVE,COMMON_STOCK_UNCLASSIFIED,Pengembangan,12 Okt 2017,,2026-08-27
ZINC,Kapuas Prima Coal Tbk.,,,ACTIVE,COMMON_STOCK_UNCLASSIFIED,Pemantauan Khusus,16 Okt 2017,,2026-08-27
MCAS,M Cash Integrasi Tbk.,,,ACTIVE,COMMON_STOCK_UNCLASSIFIED,Pengembangan,01 Nov 2017,,2026-08-27
PPRE,PP Presisi Tbk.,,,ACTIVE,COMMON_STOCK_UNCLASSIFIED,Pengembangan,24 Nov 2017,,2026-08-27
WEGE,Wijaya Karya Bangunan Gedung T,,,ACTIVE,COMMON_STOCK_UNCLASSIFIED,Pengembangan,30 Nov 2017,,2026-08-27
PSSI,IMC Pelita Logistik Tbk.,,,ACTIVE,COMMON_STOCK_UNCLASSIFIED,Utama,05 Des 2017,,2026-08-27
MORA,Ekamas Mora Republik Tbk.,,,ACTIVE,COMMON_STOCK_UNCLASSIFIED,Utama,08 Agt 2022,,2026-08-27
DWGL,Dwi Guna Laksana Tbk.,,,ACTIVE,COMMON_STOCK_UNCLASSIFIED,Pengembangan,13 Des 2017,,2026-08-27
PBID,Panca Budi Idaman Tbk.,,,ACTIVE,COMMON_STOCK_UNCLASSIFIED,Utama,13 Des 2017,,2026-08-27
JMAS,Asuransi Jiwa Syariah Jasa Mit,,,ACTIVE,COMMON_STOCK_UNCLASSIFIED,Pengembangan,18 Des 2017,,2026-08-27
CAMP,Campina Ice Cream Industry Tbk,,,ACTIVE,COMMON_STOCK_UNCLASSIFIED,Pengembangan,19 Des 2017,,2026-08-27
IPCM,Jasa Armada Indonesia Tbk.,,,ACTIVE,COMMON_STOCK_UNCLASSIFIED,Utama,22 Des 2017,,2026-08-27
PCAR,Prima Cakrawala Abadi Tbk.,,,ACTIVE,COMMON_STOCK_UNCLASSIFIED,Pemantauan Khusus,29 Des 2017,,2026-08-27
LCKM,LCK Global Kedaton Tbk.,,,ACTIVE,COMMON_STOCK_UNCLASSIFIED,Pengembangan,16 Jan 2018,,2026-08-27
BOSS,Borneo Olah Sarana Sukses Tbk.,,,ACTIVE,COMMON_STOCK_UNCLASSIFIED,Pemantauan Khusus,15 Feb 2018,,2026-08-27
HELI,Jaya Trishindo Tbk.,,,ACTIVE,COMMON_STOCK_UNCLASSIFIED,Pengembangan,27 Mar 2018,,2026-08-27
JSKY,Sky Energy Indonesia Tbk.,,,ACTIVE,COMMON_STOCK_UNCLASSIFIED,Pemantauan Khusus,28 Mar 2018,,2026-08-27
INPS,Indah Prakasa Sentosa Tbk.,,,ACTIVE,COMMON_STOCK_UNCLASSIFIED,Pemantauan Khusus,06 Apr 2018,,2026-08-27
GHON,Gihon Telekomunikasi Indonesia,,,ACTIVE,COMMON_STOCK_UNCLASSIFIED,Pengembangan,09 Apr 2018,,2026-08-27
TDPM,Tianrong Chemicals Industry Tb,,,ACTIVE,COMMON_STOCK_UNCLASSIFIED,Pemantauan Khusus,09 Apr 2018,,2026-08-27
DFAM,Dafam Property Indonesia Tbk.,,,ACTIVE,COMMON_STOCK_UNCLASSIFIED,Pengembangan,27 Apr 2018,,2026-08-27
NICK,Charnic Capital Tbk.,,,ACTIVE,COMMON_STOCK_UNCLASSIFIED,Pengembangan,02 Mei 2018,,2026-08-27
BTPS,Bank BTPN Syariah Tbk.,,,ACTIVE,COMMON_STOCK_UNCLASSIFIED,Utama,08 Mei 2018,,2026-08-27
SPTO,Surya Pertiwi Tbk.,,,ACTIVE,COMMON_STOCK_UNCLASSIFIED,Utama,14 Mei 2018,,2026-08-27
PRIM,Royal Prima Tbk.,,,ACTIVE,COMMON_STOCK_UNCLASSIFIED,Pengembangan,15 Mei 2018,,2026-08-27
HEAL,Medikaloka Hermina Tbk.,,,ACTIVE,COMMON_STOCK_UNCLASSIFIED,Utama,16 Mei 2018,,2026-08-27
TRUK,Guna Timur Raya Tbk.,,,ACTIVE,COMMON_STOCK_UNCLASSIFIED,Pengembangan,23 Mei 2018,,2026-08-27
PZZA,Sarimelati Kencana Tbk.,,,ACTIVE,COMMON_STOCK_UNCLASSIFIED,Pengembangan,23 Mei 2018,,2026-08-27
TUGU,Asuransi Tugu Pratama Indonesi,,,ACTIVE,COMMON_STOCK_UNCLASSIFIED,Utama,28 Mei 2018,,2026-08-27
MSIN,MNC Digital Entertainment Tbk.,,,ACTIVE,COMMON_STOCK_UNCLASSIFIED,Utama,08 Jun 2018,,2026-08-27
SWAT,Sriwahana Adityakarta Tbk.,,,ACTIVE,COMMON_STOCK_UNCLASSIFIED,Pemantauan Khusus,08 Jun 2018,,2026-08-27
TNCA,Trimuda Nuansa Citra Tbk.,,,ACTIVE,COMMON_STOCK_UNCLASSIFIED,Pengembangan,28 Jun 2018,,2026-08-27
MAPA,Map Aktif Adiperkasa Tbk.,,,ACTIVE,COMMON_STOCK_UNCLASSIFIED,Utama,05 Jul 2018,,2026-08-27
TCPI,Transcoal Pacific Tbk.,,,ACTIVE,COMMON_STOCK_UNCLASSIFIED,Pengembangan,06 Jul 2018,,2026-08-27
IPCC,Indonesia Kendaraan Terminal T,,,ACTIVE,COMMON_STOCK_UNCLASSIFIED,Utama,09 Jul 2018,,2026-08-27
RISE,Jaya Sukses Makmur Sentosa Tbk,,,ACTIVE,COMMON_STOCK_UNCLASSIFIED,Pengembangan,09 Jul 2018,,2026-08-27
BPTR,Batavia Prosperindo Trans Tbk.,,,ACTIVE,COMMON_STOCK_UNCLASSIFIED,Pengembangan,09 Jul 2018,,2026-08-27
POLL,Pollux Properties Indonesia Tb,,,ACTIVE,COMMON_STOCK_UNCLASSIFIED,Pemantauan Khusus,11 Jul 2018,,2026-08-27
NFCX,NFC Indonesia Tbk.,,,ACTIVE,COMMON_STOCK_UNCLASSIFIED,Pengembangan,12 Jul 2018,,2026-08-27
MGRO,Mahkota Group Tbk.,,,ACTIVE,COMMON_STOCK_UNCLASSIFIED,Pengembangan,12 Jul 2018,,2026-08-27
NUSA,Sinergi Megah Internusa Tbk.,,,ACTIVE,COMMON_STOCK_UNCLASSIFIED,Pemantauan Khusus,12 Jul 2018,,2026-08-27
FILM,MD Entertainment Tbk.,,,ACTIVE,COMMON_STOCK_UNCLASSIFIED,Utama,07 Agt 2018,,2026-08-27
ANDI,Andira Agro Tbk.,,,ACTIVE,COMMON_STOCK_UNCLASSIFIED,Pemantauan Khusus,16 Agt 2018,,2026-08-27
LAND,Trimitra Propertindo Tbk.,,,ACTIVE,COMMON_STOCK_UNCLASSIFIED,Pengembangan,23 Agt 2018,,2026-08-27
MOLI,Madusari Murni Indah Tbk.,,,ACTIVE,COMMON_STOCK_UNCLASSIFIED,Pengembangan,30 Agt 2018,,2026-08-27
PANI,Pantai Indah Kapuk Dua Tbk.,,,ACTIVE,COMMON_STOCK_UNCLASSIFIED,Utama,18 Sep 2018,,2026-08-27
DIGI,Arkadia Digital Media Tbk.,,,ACTIVE,COMMON_STOCK_UNCLASSIFIED,Pemantauan Khusus,18 Sep 2018,,2026-08-27
CITY,Natura City Developments Tbk.,,,ACTIVE,COMMON_STOCK_UNCLASSIFIED,Pengembangan,28 Sep 2018,,2026-08-27
SAPX,Satria Antaran Prima Tbk.,,,ACTIVE,COMMON_STOCK_UNCLASSIFIED,Pengembangan,03 Okt 2018,,2026-08-27
SURE,Super Energy Tbk.,,,ACTIVE,COMMON_STOCK_UNCLASSIFIED,Pengembangan,05 Okt 2018,,2026-08-27
HKMU,HK Metals Utama Tbk.,,,ACTIVE,COMMON_STOCK_UNCLASSIFIED,Pemantauan Khusus,09 Okt 2018,,2026-08-27
MPRO,Maha Properti Indonesia Tbk.,,,ACTIVE,COMMON_STOCK_UNCLASSIFIED,Pengembangan,09 Okt 2018,,2026-08-27
DUCK,Jaya Bersama Indo Tbk.,,,ACTIVE,COMMON_STOCK_UNCLASSIFIED,Pemantauan Khusus,10 Okt 2018,,2026-08-27
GOOD,Garudafood Putra Putri Jaya Tb,,,ACTIVE,COMMON_STOCK_UNCLASSIFIED,Utama,10 Okt 2018,,2026-08-27
SKRN,Superkrane Mitra Utama Tbk.,,,ACTIVE,COMMON_STOCK_UNCLASSIFIED,Utama,11 Okt 2018,,2026-08-27
YELO,Yelooo Integra Datanet Tbk.,,,ACTIVE,COMMON_STOCK_UNCLASSIFIED,Pengembangan,29 Okt 2018,,2026-08-27
CAKK,Cahayaputra Asa Keramik Tbk.,,,ACTIVE,COMMON_STOCK_UNCLASSIFIED,Pengembangan,31 Okt 2018,,2026-08-27
SATU,Kota Satu Properti Tbk.,,,ACTIVE,COMMON_STOCK_UNCLASSIFIED,Pengembangan,05 Nov 2018,,2026-08-27
SOSS,ALSOK Indonesia Services Tbk.,,,ACTIVE,COMMON_STOCK_UNCLASSIFIED,Pemantauan Khusus,06 Nov 2018,,2026-08-27
DEAL,Dewata Freightinternational Tb,,,ACTIVE,COMMON_STOCK_UNCLASSIFIED,Pemantauan Khusus,11 Nov 2018,,2026-08-27
POLA,Pool Advista Finance Tbk.,,,ACTIVE,COMMON_STOCK_UNCLASSIFIED,Pengembangan,16 Nov 2018,,2026-08-27
DIVA,Distribusi Voucher Nusantara T,,,ACTIVE,COMMON_STOCK_UNCLASSIFIED,Pengembangan,27 Nov 2018,,2026-08-27
LUCK,Sentral Mitra Informatika Tbk.,,,ACTIVE,COMMON_STOCK_UNCLASSIFIED,Pengembangan,28 Nov 2018,,2026-08-27
URBN,Urban Jakarta Propertindo Tbk.,,,ACTIVE,COMMON_STOCK_UNCLASSIFIED,Pemantauan Khusus,10 Des 2018,,2026-08-27
SOTS,Satria Mega Kencana Tbk.,,,ACTIVE,COMMON_STOCK_UNCLASSIFIED,Pengembangan,10 Des 2018,,2026-08-27
ZONE,Mega Perintis Tbk.,,,ACTIVE,COMMON_STOCK_UNCLASSIFIED,Pengembangan,12 Des 2018,,2026-08-27
PEHA,Phapros Tbk.,,,ACTIVE,COMMON_STOCK_UNCLASSIFIED,Pengembangan,26 Des 2018,,2026-08-27
FOOD,Sentra Food Indonesia Tbk.,,,ACTIVE,COMMON_STOCK_UNCLASSIFIED,Pemantauan Khusus,08 Jan 2019,,2026-08-27
BEEF,Estika Tata Tiara Tbk.,,,ACTIVE,COMMON_STOCK_UNCLASSIFIED,Pengembangan,10 Jan 2019,,2026-08-27
POLI,Pollux Hotels Group Tbk.,,,ACTIVE,COMMON_STOCK_UNCLASSIFIED,Pengembangan,10 Jan 2019,,2026-08-27
CLAY,Citra Putra Realty Tbk.,,,ACTIVE,COMMON_STOCK_UNCLASSIFIED,Pengembangan,18 Jan 2019,,2026-08-27
NATO,Olympus Strategic Indonesia Tb,,,ACTIVE,COMMON_STOCK_UNCLASSIFIED,Pengembangan,18 Jan 2019,,2026-08-27
JAYA,Armada Berjaya Trans Tbk.,,,ACTIVE,COMMON_STOCK_UNCLASSIFIED,Pengembangan,21 Feb 2019,,2026-08-27
COCO,Wahana Interfood Nusantara Tbk,,,ACTIVE,COMMON_STOCK_UNCLASSIFIED,Pengembangan,20 Mar 2019,,2026-08-27
MTPS,Meta Epsi Tbk.,,,ACTIVE,COMMON_STOCK_UNCLASSIFIED,Pemantauan Khusus,10 Apr 2019,,2026-08-27
CPRI,Capri Nusa Satu Properti Tbk.,,,ACTIVE,COMMON_STOCK_UNCLASSIFIED,Pemantauan Khusus,11 Apr 2019,,2026-08-27
HRME,Menteng Heritage Realty Tbk.,,,ACTIVE,COMMON_STOCK_UNCLASSIFIED,Pemantauan Khusus,12 Apr 2019,,2026-08-27
POSA,Bliss Properti Indonesia Tbk.,,,ACTIVE,COMMON_STOCK_UNCLASSIFIED,Pemantauan Khusus,10 Mei 2019,,2026-08-27
JAST,Jasnita Telekomindo Tbk.,,,ACTIVE,COMMON_STOCK_UNCLASSIFIED,Pengembangan,16 Mei 2019,,2026-08-27
FITT,Hotel Fitra International Tbk.,,,ACTIVE,COMMON_STOCK_UNCLASSIFIED,Pengembangan,11 Jun 2019,,2026-08-27
BOLA,Bali Bintang Sejahtera Tbk.,,,ACTIVE,COMMON_STOCK_UNCLASSIFIED,Utama,17 Jun 2019,,2026-08-27
CCSI,Communication Cable Systems In,,,ACTIVE,COMMON_STOCK_UNCLASSIFIED,Pengembangan,18 Jun 2019,,2026-08-27
SFAN,Surya Fajar Capital Tbk.,,,ACTIVE,COMMON_STOCK_UNCLASSIFIED,Pengembangan,19 Jun 2019,,2026-08-27
POLU,Golden Flower Tbk.,,,ACTIVE,COMMON_STOCK_UNCLASSIFIED,Pengembangan,26 Jun 2019,,2026-08-27
KJEN,Krida Jaringan Nusantara Tbk.,,,ACTIVE,COMMON_STOCK_UNCLASSIFIED,Pengembangan,01 Jul 2019,,2026-08-27
KAYU,Darmi Bersaudara Tbk.,,,ACTIVE,COMMON_STOCK_UNCLASSIFIED,Pemantauan Khusus,04 Jul 2019,,2026-08-27
ITIC,Indonesian Tobacco Tbk.,,,ACTIVE,COMMON_STOCK_UNCLASSIFIED,Pengembangan,04 Jul 2019,,2026-08-27
PAMG,Bima Sakti Pertiwi Tbk.,,,ACTIVE,COMMON_STOCK_UNCLASSIFIED,Pengembangan,05 Jul 2019,,2026-08-27
IPTV,MNC Vision Networks Tbk.,,,ACTIVE,COMMON_STOCK_UNCLASSIFIED,Pemantauan Khusus,08 Jul 2019,,2026-08-27
BLUE,Berkah Prima Perkasa Tbk.,,,ACTIVE,COMMON_STOCK_UNCLASSIFIED,Pengembangan,08 Jul 2019,,2026-08-27
ENVY,Envy Technologies Indonesia Tb,,,ACTIVE,COMMON_STOCK_UNCLASSIFIED,Pemantauan Khusus,08 Jul 2019,,2026-08-27
EAST,Eastparc Hotel Tbk.,,,ACTIVE,COMMON_STOCK_UNCLASSIFIED,Pengembangan,09 Jul 2019,,2026-08-27
LIFE,MSIG Life Insurance Indonesia,,,ACTIVE,COMMON_STOCK_UNCLASSIFIED,Pengembangan,09 Jul 2019,,2026-08-27
FUJI,Fuji Finance Indonesia Tbk.,,,ACTIVE,COMMON_STOCK_UNCLASSIFIED,Pengembangan,09 Jul 2019,,2026-08-27
KOTA,DMS Propertindo Tbk.,,,ACTIVE,COMMON_STOCK_UNCLASSIFIED,Utama,09 Jul 2019,,2026-08-27
INOV,Inocycle Technology Group Tbk.,,,ACTIVE,COMMON_STOCK_UNCLASSIFIED,Pengembangan,10 Jul 2019,,2026-08-27
ARKA,Arkha Jayanti Persada Tbk.,,,ACTIVE,COMMON_STOCK_UNCLASSIFIED,Pemantauan Khusus,10 Jul 2019,,2026-08-27
SMKL,Satyamitra Kemas Lestari Tbk.,,,ACTIVE,COMMON_STOCK_UNCLASSIFIED,Pengembangan,11 Jul 2019,,2026-08-27
HDIT,Hensel Davest Indonesia Tbk.,,,ACTIVE,COMMON_STOCK_UNCLASSIFIED,Utama,12 Jul 2019,,2026-08-27
KEEN,Kencana Energi Lestari Tbk.,,,ACTIVE,COMMON_STOCK_UNCLASSIFIED,Utama,02 Sep 2019,,2026-08-27
BAPI,Bhakti Agung Propertindo Tbk.,,,ACTIVE,COMMON_STOCK_UNCLASSIFIED,Pemantauan Khusus,16 Sep 2019,,2026-08-27
TFAS,Telefast Indonesia Tbk.,,,ACTIVE,COMMON_STOCK_UNCLASSIFIED,Pengembangan,17 Sep 2019,,2026-08-27
GGRP,Gunung Raja Paksi Tbk.,,,ACTIVE,COMMON_STOCK_UNCLASSIFIED,Pengembangan,19 Sep 2019,,2026-08-27
OPMS,Optima Prima Metal Sinergi Tbk,,,ACTIVE,COMMON_STOCK_UNCLASSIFIED,Pengembangan,23 Sep 2019,,2026-08-27
NZIA,Nusantara Almazia Tbk.,,,ACTIVE,COMMON_STOCK_UNCLASSIFIED,Pengembangan,25 Sep 2019,,2026-08-27
SLIS,Gaya Abadi Sempurna Tbk.,,,ACTIVE,COMMON_STOCK_UNCLASSIFIED,Pengembangan,07 Okt 2019,,2026-08-27
PURE,Trinitan Metals and Minerals T,,,ACTIVE,COMMON_STOCK_UNCLASSIFIED,Pemantauan Khusus,09 Okt 2019,,2026-08-27
IRRA,Itama Ranoraya Tbk.,,,ACTIVE,COMMON_STOCK_UNCLASSIFIED,Pengembangan,15 Okt 2019,,2026-08-27
DMMX,Digital Mediatama Maxima Tbk.,,,ACTIVE,COMMON_STOCK_UNCLASSIFIED,Pengembangan,21 Okt 2019,,2026-08-27
SINI,Singaraja Putra Tbk.,,,ACTIVE,COMMON_STOCK_UNCLASSIFIED,Pemantauan Khusus,08 Nov 2019,,2026-08-27
WOWS,Ginting Jaya Energi Tbk.,,,ACTIVE,COMMON_STOCK_UNCLASSIFIED,Pengembangan,08 Nov 2019,,2026-08-27
ESIP,Sinergi Inti Plastindo Tbk.,,,ACTIVE,COMMON_STOCK_UNCLASSIFIED,Pengembangan,14 Nov 2019,,2026-08-27
TEBE,Dana Brata Luhur Tbk.,,,ACTIVE,COMMON_STOCK_UNCLASSIFIED,Utama,18 Nov 2019,,2026-08-27
KEJU,Mulia Boga Raya Tbk.,,,ACTIVE,COMMON_STOCK_UNCLASSIFIED,Utama,25 Nov 2019,,2026-08-27
PSGO,Palma Serasih Tbk.,,,ACTIVE,COMMON_STOCK_UNCLASSIFIED,Utama,25 Nov 2019,,2026-08-27
AGAR,Asia Sejahtera Mina Tbk.,,,ACTIVE,COMMON_STOCK_UNCLASSIFIED,Pengembangan,02 Des 2019,,2026-08-27
IFSH,Ifishdeco Tbk.,,,ACTIVE,COMMON_STOCK_UNCLASSIFIED,Pemantauan Khusus,05 Des 2019,,2026-08-27
REAL,Repower Asia Indonesia Tbk.,,,ACTIVE,COMMON_STOCK_UNCLASSIFIED,Pengembangan,06 Des 2019,,2026-08-27
IFII,Indonesia Fibreboard Industry,,,ACTIVE,COMMON_STOCK_UNCLASSIFIED,Pengembangan,10 Des 2019,,2026-08-27
PMJS,Putra Mandiri Jembar Tbk.,,,ACTIVE,COMMON_STOCK_UNCLASSIFIED,Pengembangan,18 Des 2019,,2026-08-27
UCID,Uni-Charm Indonesia Tbk.,,,ACTIVE,COMMON_STOCK_UNCLASSIFIED,Utama,20 Des 2019,,2026-08-27
GLVA,Galva Technologies Tbk.,,,ACTIVE,COMMON_STOCK_UNCLASSIFIED,Utama,23 Des 2019,,2026-08-27
PGJO,Bahtera Bumi Raya Tbk.,,,ACTIVE,COMMON_STOCK_UNCLASSIFIED,Pemantauan Khusus,08 Jan 2020,,2026-08-27
AMAR,Bank Amar Indonesia Tbk.,,,ACTIVE,COMMON_STOCK_UNCLASSIFIED,Utama,09 Jan 2020,,2026-08-27
CSRA,Cisadane Sawit Raya Tbk.,,,ACTIVE,COMMON_STOCK_UNCLASSIFIED,Pengembangan,09 Jan 2020,,2026-08-27
INDO,Royalindo Investa Wijaya Tbk.,,,ACTIVE,COMMON_STOCK_UNCLASSIFIED,Pengembangan,13 Jan 2020,,2026-08-27
AMOR,Ashmore Asset Management Indon,,,ACTIVE,COMMON_STOCK_UNCLASSIFIED,Pengembangan,14 Jan 2020,,2026-08-27
TRIN,Perintis Triniti Properti Tbk.,,,ACTIVE,COMMON_STOCK_UNCLASSIFIED,Pengembangan,15 Jan 2020,,2026-08-27
DMND,Diamond Food Indonesia Tbk.,,,ACTIVE,COMMON_STOCK_UNCLASSIFIED,Utama,22 Jan 2020,,2026-08-27
PURA,Putra Rajawali Kencana Tbk.,,,ACTIVE,COMMON_STOCK_UNCLASSIFIED,Pemantauan Khusus,29 Jan 2020,,2026-08-27
PTPW,Pratama Widya Tbk.,,,ACTIVE,COMMON_STOCK_UNCLASSIFIED,Pengembangan,07 Feb 2020,,2026-08-27
TAMA,Lancartama Sejati Tbk.,,,ACTIVE,COMMON_STOCK_UNCLASSIFIED,Pengembangan,10 Feb 2020,,2026-08-27
IKAN,Era Mandiri Cemerlang Tbk.,,,ACTIVE,COMMON_STOCK_UNCLASSIFIED,Pengembangan,12 Feb 2020,,2026-08-27
AYLS,Arkayana Lestari Grup Tbk.,,,ACTIVE,COMMON_STOCK_UNCLASSIFIED,Pengembangan,12 Feb 2020,,2026-08-27
DADA,Diamond Citra Propertindo Tbk.,,,ACTIVE,COMMON_STOCK_UNCLASSIFIED,Pengembangan,14 Feb 2020,,2026-08-27
ASPI,Andalan Sakti Primaindo Tbk.,,,ACTIVE,COMMON_STOCK_UNCLASSIFIED,Pengembangan,17 Feb 2020,,2026-08-27
ESTA,Esta Multi Usaha Tbk.,,,ACTIVE,COMMON_STOCK_UNCLASSIFIED,Pengembangan,09 Mar 2020,,2026-08-27
BESS,Batulicin Nusantara Maritim Tb,,,ACTIVE,COMMON_STOCK_UNCLASSIFIED,Pengembangan,09 Mar 2020,,2026-08-27
AMAN,Makmur Berkah Amanda Tbk.,,,ACTIVE,COMMON_STOCK_UNCLASSIFIED,Pengembangan,13 Mar 2020,,2026-08-27
CARE,Metro Healthcare Indonesia Tbk,,,ACTIVE,COMMON_STOCK_UNCLASSIFIED,Pengembangan,13 Mar 2020,,2026-08-27
SAMF,Saraswanti Anugerah Makmur Tbk,,,ACTIVE,COMMON_STOCK_UNCLASSIFIED,Utama,31 Mar 2020,,2026-08-27
SBAT,Sejahtera Bintang Abadi Textil,,,ACTIVE,COMMON_STOCK_UNCLASSIFIED,Pemantauan Khusus,08 Apr 2020,,2026-08-27
KBAG,Karya Bersama Anugerah Tbk.,,,ACTIVE,COMMON_STOCK_UNCLASSIFIED,Pemantauan Khusus,08 Apr 2020,,2026-08-27
CBMF,Cahaya Bintang Medan Tbk.,,,ACTIVE,COMMON_STOCK_UNCLASSIFIED,Pemantauan Khusus,09 Apr 2020,,2026-08-27
RONY,Aracord Nusantara Group Tbk.,,,ACTIVE,COMMON_STOCK_UNCLASSIFIED,Pengembangan,09 Apr 2020,,2026-08-27
CSMI,Cipta Selera Murni Tbk.,,,ACTIVE,COMMON_STOCK_UNCLASSIFIED,Pengembangan,09 Apr 2020,,2026-08-27
BBSS,Bumi Benowo Sukses Sejahtera T,,,ACTIVE,COMMON_STOCK_UNCLASSIFIED,Pengembangan,15 Apr 2020,,2026-08-27
BHAT,Bhakti Multi Artha Tbk.,,,ACTIVE,COMMON_STOCK_UNCLASSIFIED,Pengembangan,15 Apr 2020,,2026-08-27
CASH,Cashlez Worldwide Indonesia Tb,,,ACTIVE,COMMON_STOCK_UNCLASSIFIED,Akselerasi,04 Mei 2020,,2026-08-27
TECH,Indosterling Technomedia Tbk.,,,ACTIVE,COMMON_STOCK_UNCLASSIFIED,Pemantauan Khusus,04 Jun 2020,,2026-08-27
EPAC,Megalestari Epack Sentosaraya,,,ACTIVE,COMMON_STOCK_UNCLASSIFIED,Pengembangan,01 Jul 2020,,2026-08-27
UANG,Pakuan Tbk.,,,ACTIVE,COMMON_STOCK_UNCLASSIFIED,Pengembangan,06 Jul 2020,,2026-08-27
PGUN,Pradiksi Gunatama Tbk.,,,ACTIVE,COMMON_STOCK_UNCLASSIFIED,Pengembangan,07 Jul 2020,,2026-08-27
SOFA,Solusi Environment Asia Tbk.,,,ACTIVE,COMMON_STOCK_UNCLASSIFIED,Akselerasi,07 Jul 2020,,2026-08-27
PPGL,Prima Globalindo Logistik Tbk.,,,ACTIVE,COMMON_STOCK_UNCLASSIFIED,Akselerasi,20 Jul 2020,,2026-08-27
TOYS,Sunindo Adipersada Tbk.,,,ACTIVE,COMMON_STOCK_UNCLASSIFIED,Pemantauan Khusus,06 Agt 2020,,2026-08-27
SGER,Sumber Global Energy Tbk.,,,ACTIVE,COMMON_STOCK_UNCLASSIFIED,Utama,10 Agt 2020,,2026-08-27
TRJA,Transkon Jaya Tbk.,,,ACTIVE,COMMON_STOCK_UNCLASSIFIED,Pengembangan,27 Agt 2020,,2026-08-27
PNGO,AEP Pinago Plantations Tbk.,,,ACTIVE,COMMON_STOCK_UNCLASSIFIED,Pemantauan Khusus,31 Agt 2020,,2026-08-27
SCNP,Selaras Citra Nusantara Perkas,,,ACTIVE,COMMON_STOCK_UNCLASSIFIED,Pengembangan,07 Sep 2020,,2026-08-27
BBSI,Krom Bank Indonesia Tbk.,,,ACTIVE,COMMON_STOCK_UNCLASSIFIED,Utama,07 Sep 2020,,2026-08-27
KMDS,Kurniamitra Duta Sentosa Tbk.,,,ACTIVE,COMMON_STOCK_UNCLASSIFIED,Pengembangan,07 Sep 2020,,2026-08-27
PURI,Puri Global Sukses Tbk.,,,ACTIVE,COMMON_STOCK_UNCLASSIFIED,Pengembangan,08 Sep 2020,,2026-08-27
SOHO,Soho Global Health Tbk.,,,ACTIVE,COMMON_STOCK_UNCLASSIFIED,Pengembangan,08 Sep 2020,,2026-08-27
HOMI,Grand House Mulia Tbk.,,,ACTIVE,COMMON_STOCK_UNCLASSIFIED,Pengembangan,10 Sep 2020,,2026-08-27
ROCK,Rockfields Properti Indonesia,,,ACTIVE,COMMON_STOCK_UNCLASSIFIED,Pengembangan,10 Sep 2020,,2026-08-27
ENZO,Morenzo Abadi Perkasa Tbk.,,,ACTIVE,COMMON_STOCK_UNCLASSIFIED,Pengembangan,14 Sep 2020,,2026-08-27
PLAN,Planet Properindo Jaya Tbk.,,,ACTIVE,COMMON_STOCK_UNCLASSIFIED,Akselerasi,15 Sep 2020,,2026-08-27
PTDU,Djasa Ubersakti Tbk.,,,ACTIVE,COMMON_STOCK_UNCLASSIFIED,Pemantauan Khusus,08 Des 2020,,2026-08-27
ATAP,Trimitra Prawara Goldland Tbk.,,,ACTIVE,COMMON_STOCK_UNCLASSIFIED,Pengembangan,11 Des 2020,,2026-08-27
VICI,Victoria Care Indonesia Tbk.,,,ACTIVE,COMMON_STOCK_UNCLASSIFIED,Utama,17 Des 2020,,2026-08-27
PMMP,Panca Mitra Multiperdana Tbk.,,,ACTIVE,COMMON_STOCK_UNCLASSIFIED,Pemantauan Khusus,18 Des 2020,,2026-08-27
WIFI,Solusi Sinergi Digital Tbk.,,,ACTIVE,COMMON_STOCK_UNCLASSIFIED,Pengembangan,30 Des 2020,,2026-08-27
FAPA,FAP Agri Tbk.,,,ACTIVE,COMMON_STOCK_UNCLASSIFIED,Pengembangan,04 Jan 2021,,2026-08-27
DCII,DCI Indonesia Tbk.,,,ACTIVE,COMMON_STOCK_UNCLASSIFIED,Pengembangan,06 Jan 2021,,2026-08-27
KETR,Ketrosden Triasmitra Tbk.,,,ACTIVE,COMMON_STOCK_UNCLASSIFIED,Pengembangan,11 Jan 2021,,2026-08-27
DGNS,Diagnos Laboratorium Utama Tbk,,,ACTIVE,COMMON_STOCK_UNCLASSIFIED,Pengembangan,15 Jan 2021,,2026-08-27
UFOE,Damai Sejahtera Abadi Tbk.,,,ACTIVE,COMMON_STOCK_UNCLASSIFIED,Pengembangan,01 Feb 2021,,2026-08-27
BANK,Bank Aladin Syariah Tbk.,,,ACTIVE,COMMON_STOCK_UNCLASSIFIED,Pengembangan,01 Feb 2021,,2026-08-27
WMUU,Widodo Makmur Unggas Tbk.,,,ACTIVE,COMMON_STOCK_UNCLASSIFIED,Pengembangan,02 Feb 2021,,2026-08-27
EDGE,Indointernet Tbk.,,,ACTIVE,COMMON_STOCK_UNCLASSIFIED,Pengembangan,08 Feb 2021,,2026-08-27
UNIQ,Ulima Nitra Tbk.,,,ACTIVE,COMMON_STOCK_UNCLASSIFIED,Pengembangan,08 Mar 2021,,2026-08-27
BEBS,Berkah Beton Sadaya Tbk.,,,ACTIVE,COMMON_STOCK_UNCLASSIFIED,Pemantauan Khusus,10 Mar 2021,,2026-08-27
SNLK,Sunter Lakeside Hotel Tbk.,,,ACTIVE,COMMON_STOCK_UNCLASSIFIED,Pengembangan,29 Mar 2021,,2026-08-27
ZYRX,Zyrexindo Mandiri Buana Tbk.,,,ACTIVE,COMMON_STOCK_UNCLASSIFIED,Pengembangan,30 Mar 2021,,2026-08-27
LFLO,Imago Mulia Persada Tbk.,,,ACTIVE,COMMON_STOCK_UNCLASSIFIED,Akselerasi,07 Apr 2021,,2026-08-27
FIMP,Fimperkasa Utama Tbk.,,,ACTIVE,COMMON_STOCK_UNCLASSIFIED,Pemantauan Khusus,09 Apr 2021,,2026-08-27
TAPG,Triputra Agro Persada Tbk.,,,ACTIVE,COMMON_STOCK_UNCLASSIFIED,Utama,12 Apr 2021,,2026-08-27
NPGF,Nusa Palapa Gemilang Tbk.,,,ACTIVE,COMMON_STOCK_UNCLASSIFIED,Pengembangan,14 Apr 2021,,2026-08-27
LUCY,Lima Dua Lima Tiga Tbk.,,,ACTIVE,COMMON_STOCK_UNCLASSIFIED,Akselerasi,05 Mei 2021,,2026-08-27
ADCP,Adhi Commuter Properti Tbk.,,,ACTIVE,COMMON_STOCK_UNCLASSIFIED,Pengembangan,21 Mei 2021,,2026-08-27
HOPE,Harapan Duta Pertiwi Tbk.,,,ACTIVE,COMMON_STOCK_UNCLASSIFIED,Pengembangan,24 Mei 2021,,2026-08-27
